,school_name,1_stu_num,2_stu_num,3_stu_num
0,서울대학교사범대학부설고등학교, 247 , 238 , 278 
1,가락고등학교, 282 , 262 , 288 
2,개포고등학교, 199 , 194 , 250 
3,경기고등학교, 391 , 391 , 432 
4,경동고등학교, 173 , 157 , 185 
5,경복고등학교, 242 , 268 , 324 
6,경인고등학교, 371 , 367 , 436 
7,고척고등학교, 253 , 260 , 302 
8,공항고등학교, 196 , 170 , 167 
9,관악고등학교, 247 , 210 , 235 
10,광남고등학교, 378 , 347 , 407 
11,광양고등학교, 181 , 165 , 194 
12,구로고등학교, 300 , 275 , 309 
13,구일고등학교, 273 , 242 , 281 
14,압구정고등학교, 207 , 194 , 228 
15,금천고등학교, 244 , 239 , 265 
16,당곡고등학교, 255 , 260 , 259 
17,대영고등학교, 241 , 208 , 248 
18,독산고등학교, 191 , 192 , 220 
19,동작고등학교, 249 , 222 , 248 
20,둔촌고등학교, 250 , 216 , 267 
21,면목고등학교, 198 , 196 , 238 
22,반포고등학교, 298 , 272 , 295 
23,삼성고등학교, 132 , 147 , 167 
24,상계고등학교, 279 , 266 , 315 
25,서울고등학교, 442 , 430 , 487 
26,서초고등학교, 285 , 288 , 319 
27,석관고등학교, 241 , 207 , 269 
28,성동고등학교, 170 , 145 , 160 
29,수락고등학교, 193 , 187 , 228 
30,신림고등학교, 174 , 180 , 187 
31,신목고등학교, 378 , 371 , 439 
32,양재고등학교, 287 , 285 , 297 
33,언남고등학교, 202 , 193 , 214 
34,여의도고등학교, 252 , 250 , 288 
35,영등포고등학교, 191 , 185 , 206 
36,영신고등학교, 211 , 198 , 233 
37,오금고등학교, 318 , 305 , 353 
38,노원고등학교, 196 , 187 , 205 
39,용산고등학교, 354 , 364 , 379 
40,인헌고등학교, 178 , 166 , 192 
41,자양고등학교, 287 , 252 , 295 
42,잠신고등학교, 235 , 231 , 268 
43,잠실고등학교, 211 , 192 , 238 
44,중경고등학교, 145 , 146 , 157 
45,중화고등학교, 198 , 182 , 211 
46,창동고등학교, 368 , 358 , 404 
47,청담고등학교, 198 , 173 , 232 
48,청량고등학교, 270 , 263 , 314 
49,태릉고등학교, 240 , 239 , 268 
50,경기여자고등학교, 379 , 341 , 421 
51,금옥여자고등학교, 229 , 225 , 256 
52,명일여자고등학교, 174 , 173 , 195 
53,무학여자고등학교, 207 , 244 , 247 
54,서울여자고등학교, 306 , 235 , 300 
55,수도여자고등학교, 293 , 306 , 326 
56,여의도여자고등학교, 207 , 218 , 260 
57,영등포여자고등학교, 149 , 166 , 195 
58,창덕여자고등학교, 159 , 148 , 233 
59,혜화여자고등학교, 231 , 200 , 246 
60,누원고등학교, 144 , 156 , 180 
61,방산고등학교, 277 , 275 , 310 
62,신현고등학교, 196 , 199 , 223 
63,자운고등학교, 230 , 216 , 281 
64,도봉고등학교, 95 , 82 , 100 
65,등촌고등학교, 194 , 190 , 231 
66,경일고등학교, 113 , 120 , 139 
67,선유고등학교, 203 , 173 , 215 
68,월계고등학교, 180 , 193 , 223 
69,불암고등학교, 289 , 288 , 325 
70,세현고등학교, 191 , 196 , 216 
71,신서고등학교, 179 , 185 , 212 
72,효문고등학교, 164 , 149 , 196 
73,원묵고등학교, 227 , 232 , 263 
74,상암고등학교, 305 , 300 , 347 
75,구현고등학교, 230 , 224 , 283 
76,문정고등학교, 251 , 243 , 277 
77,은평고등학교, 182 , 168 , 187 
78,진관고등학교, 275 , 244 , 253 
79,신도림고등학교, 203 , 218 , 260 
80,수명고등학교, 194 , 194 , 207 
81,성수고등학교, 167 , 167 , 176 
82,미양고등학교, 201 , 180 , 188 
83,강일고등학교, 181 , 167 , 176 
84,문현고등학교, 228 , 234 , 253 
85,신도고등학교, 198 , 203 , 216 
86,선사고등학교, 195 , 187 , 208 
87,삼각산고등학교, 205 , 206 , 236 
88,구암고등학교, 209 , 199 , 225 
89,잠일고등학교, 130 , 127 , 142 
90,휘봉고등학교, 131 , 146 , 172 
91,가재울고등학교, 215 , 221 , 257 
92,도선고등학교, 149 , 167 , 184 
93,금호고등학교, 146 , 156 , 174 
94,강동고등학교, 210 , 183 , 221 
95,강서고등학교, 342 , 301 , 328 
96,건국대학교사범대학부속고등학교, 359 , 335 , 380 
97,경문고등학교, 173 , 186 , 229 
98,경성고등학교, 229 , 218 , 241 
99,경신고등학교, 183 , 206 , 256 
100,경희고등학교, 258 , 250 , 244 
101,고려대학교사범대학부속고등학교, 259 , 231 , 284 
102,광문고등학교, 354 , 340 , 374 
103,광성고등학교, 261 , 211 , 248 
104,광신고등학교, 183 , 191 , 218 
105,광영고등학교, 273 , 284 , 301 
106,남강고등학교, 226 , 248 , 270 
107,단국대학교사범대학부속고등학교, 378 , 346 , 379 
108,대광고등학교, 320 , 320 , 317 
109,대성고등학교, 292 , 260 , 323 
110,대신고등학교, 208 , 224 , 241 
111,대원고등학교, 278 , 235 , 301 
112,대일고등학교, 358 , 355 , 402 
113,대진고등학교, 369 , 342 , 388 
114,동국대학교사범대학부속고등학교, 306 , 294 , 349 
115,동북고등학교, 356 , 352 , 412 
116,동성고등학교, 257 , 290 , 310 
117,마포고등학교, 304 , 292 , 308 
118,명덕고등학교, 294 , 249 , 285 
119,명지고등학교, 455 , 462 , 518 
120,문일고등학교, 282 , 320 , 340 
121,배명고등학교, 304 , 288 , 301 
122,성덕고등학교, 233 , 224 , 247 
123,배문고등학교, 131 , 107 , 152 
124,배재고등학교, 424 , 454 , 429 
125,백암고등학교, 325 , 320 , 366 
126,보성고등학교, 318 , 304 , 355 
127,상문고등학교, 411 , 380 , 421 
128,서라벌고등학교, 388 , 366 , 467 
129,서울미술고등학교, 199 , 195 , 197 
130,서울세종고등학교, 204 , 171 , 221 
131,선덕고등학교, 376 , 378 , 412 
132,선정고등학교, 394 , 367 , 410 
133,성남고등학교, 353 , 328 , 369 
134,성보고등학교, 238 , 221 , 275 
135,세화고등학교, 346 , 389 , 389 
136,송곡고등학교, 231 , 228 , 247 
137,숭문고등학교, 208 , 178 , 239 
138,숭실고등학교, 365 , 348 , 392 
139,신일고등학교, 351 , 327 , 355 
140,양정고등학교, 346 , 381 , 400 
141,양천고등학교, 311 , 311 , 352 
142,영동고등학교, 300 , 256 , 327 
143,영락고등학교, 150 , 151 , 150 
144,영일고등학교, 296 , 295 , 392 
145,영훈고등학교, 349 , 338 , 384 
146,오산고등학교, 174 , 176 , 218 
147,용문고등학교, 323 , 290 , 345 
148,우신고등학교, 222 , 237 , 279 
149,인창고등학교, 224 , 215 , 218 
150,장충고등학교, 136 , 129 , 129 
151,장훈고등학교, 322 , 305 , 306 
152,재현고등학교, 336 , 313 , 373 
153,중동고등학교, 367 , 398 , 399 
154,중산고등학교, 329 , 229 , 322 
155,중앙고등학교, 312 , 334 , 329 
156,중앙대학교사범대학부속고등학교, 337 , 319 , 352 
157,청원고등학교, 403 , 417 , 476 
158,충암고등학교, 380 , 337 , 353 
159,한가람고등학교, 249 , 283 , 281 
160,한광고등학교, 40 , 66 , 114 
161,한국삼육고등학교, 164 , 169 , 161 
162,한서고등학교, 219 , 210 , 239 
163,한성고등학교, 180 , 171 , 221 
164,한영고등학교, 405 , 397 , 432 
165,현대고등학교, 347 , 394 , 404 
166,홍익대학교사범대학부속고등학교, 127 , 95 , 109 
167,화곡고등학교, 277 , 278 , 283 
168,환일고등학교, 244 , 242 , 276 
169,휘문고등학교, 407 , 454 , 458 
170,경복여자고등학교, 237 , 229 , 252 
171,경희여자고등학교, 161 , 152 , 187 
172,계성고등학교, 298 , 292 , 331 
173,광영여자고등학교, 329 , 321 , 342 
174,이화여자대학교사범대학부속이화금란고등학교, 363 , 369 , 400 
175,대원여자고등학교, 239 , 226 , 244 
176,대진여자고등학교, 349 , 324 , 376 
177,덕성여자고등학교, 231 , 200 , 259 
178,덕원여자고등학교, 401 , 365 , 421 
179,동덕여자고등학교, 338 , 291 , 367 
180,동명여자고등학교, 363 , 341 , 401 
181,동일여자고등학교, 201 , 209 , 254 
182,명덕여자고등학교, 405 , 363 , 428 
183,동국대학교사범대학부속여자고등학교, 215 , 211 , 245 
184,서울문영여자고등학교, 229 , 198 , 215 
185,미림여자고등학교, 158 , 169 , 192 
186,배화여자고등학교, 222 , 193 , 255 
187,보성여자고등학교, 167 , 173 , 206 
188,보인고등학교, 363 , 382 , 371 
189,상명대학교사범대학부속여자고등학교, 157 , 121 , 150 
190,상명고등학교, 299 , 277 , 320 
191,상일여자고등학교, 185 , 161 , 241 
192,서문여자고등학교, 315 , 279 , 372 
193,선일여자고등학교, 259 , 232 , 247 
194,성신여자고등학교, 251 , 251 , 313 
195,성심여자고등학교, 193 , 165 , 241 
196,세화여자고등학교, 338 , 386 , 390 
197,송곡여자고등학교, 253 , 238 , 253 
198,숙명여자고등학교, 384 , 389 , 466 
199,숭의여자고등학교, 275 , 272 , 290 
200,신광여자고등학교, 96 , 102 , 112 
201,목동고등학교, 393 , 320 , 388 
202,염광고등학교, 255 , 241 , 286 
203,영동일고등학교, 340 , 326 , 367 
204,영신여자고등학교, 312 , 268 , 300 
205,영파여자고등학교, 292 , 279 , 320 
206,예일여자고등학교, 324 , 334 , 333 
207,용화여자고등학교, 276 , 299 , 341 
208,은광여자고등학교, 253 , 249 , 252 
209,이화여자고등학교, 389 , 410 , 427 
210,잠실여자고등학교, 338 , 278 , 322 
211,정신여자고등학교, 365 , 322 , 392 
212,정의여자고등학교, 266 , 260 , 349 
213,중앙여자고등학교, 171 , 161 , 229 
214,진명여자고등학교, 435 , 445 , 508 
215,진선여자고등학교, 314 , 299 , 366 
216,창문여자고등학교, 346 , 298 , 340 
217,청원여자고등학교, 334 , 339 , 391 
218,풍문고등학교, 296 , 251 , 273 
219,한성여자고등학교, 247 , 232 , 278 
220,한양대학교사범대학부속고등학교, 329 , 396 , 404 
221,혜성여자고등학교, 335 , 323 , 384 
222,혜원여자고등학교, 226 , 221 , 248 
223,홍익대학교사범대학부속여자고등학교, 236 , 242 , 274 
224,휘경여자고등학교, 285 , 273 , 293 
225,오류고등학교, 157 , 129 , 113 
226,해성여자고등학교, 229 , 215 , 229 
227,하나고등학교, 206 , 206 , 205 
228,동양고등학교, 146 , 156 , 181 
229,서울체육고등학교, 140 , 132 , 136 
230,서울과학고등학교, 128 , 125 , 123 
231,한성과학고등학교, 138 , 143 , 98 
232,세종과학고등학교, 162 , 163 , 118 
233,국립국악고등학교, 150 , 149 , 143 
234,국립전통예술고등학교, 182 , 174 , 169 
235,덕원예술고등학교, 201 , 191 , 199 
236,서울예술고등학교, 359 , 364 , 367 
237,선화예술고등학교, 371 , 362 , 359 
238,서울공연예술고등학교, 259 , 262 , 261 
239,대원외국어고등학교, 252 , 249 , 274 
240,대일외국어고등학교, 244 , 254 , 253 
241,명덕외국어고등학교, 239 , 242 , 249 
242,서울외국어고등학교, 220 , 221 , 207 
243,한영외국어고등학교, 222 , 224 , 216 
244,이화여자외국어고등학교, 136 , 139 , 128 
245,서울국제고등학교, 159 , 148 , 143 
246,서울로봇고등학교, 159 , 151 , 150 
247,강서공업고등학교, 205 , 191 , 190 
248,경기기계공업고등학교, 434 , 336 , 404 
249,서울방송고등학교, 182 , 175 , 167 
250,서울공업고등학교, 503 , 476 , 485 
251,서울도시과학기술고등학교, 140 , 134 , 130 
252,서울전자고등학교, 95 , 94 , 168 
253,성동공업고등학교, 311 , 285 , 272 
254,성수공업고등학교, 80 , 133 , 159 
255,송파공업고등학교, 198 , 171 , 188 
256,용산공업고등학교, 277 , 246 , 253 
257,한강미디어고등학교, 209 , 197 , 199 
258,휘경공업고등학교, 104 , 106 , 192 
259,광운전자공업고등학교, 234 , 218 , 258 
260,단국공업고등학교, 78 , 72 , 86 
261,대진디자인고등학교, 235 , 203 , 224 
262,서울디자인고등학교, 338 , 250 , 249 
263,덕일전자공업고등학교, 92 , 83 , 103 
264,리라아트고등학교, 154 , 149 , 152 
265,미림여자정보과학고등학교, 120 , 108 , 109 
266,상일미디어고등학교, 289 , 275 , 250 
267,미래산업과학고등학교, 208 , 185 , 198 
268,수도전기공업고등학교, 201 , 197 , 196 
269,세명컴퓨터고등학교, 233 , 197 , 200 
270,신진과학기술고등학교, 197 , 188 , 199 
271,염광여자메디텍고등학교, 168 , 162 , 178 
272,영등포공업고등학교, 108 , 134 , 158 
273,유한공업고등학교, 201 , 204 , 199 
274,서울아이티고등학교, 235 , 236 , 247 
275,은평메디텍고등학교, 177 , 133 , 167 
276,인덕공업고등학교, 245 , 236 , 227 
277,서울디지텍고등학교, 104 , 106 , 148 
278,한세사이버보안고등학교, 125 , 115 , 124 
279,한양공업고등학교, 309 , 302 , 300 
280,경기상업고등학교, 77 , 93 , 149 
281,덕수고등학교, 134 , 196 , 335 
282,서울문화고등학교, 211 , 183 , 216 
283,서울금융고등학교, 135 , 79 , 115 
284,선린인터넷고등학교, 312 , 297 , 295 
285,성동글로벌경영고등학교, 202 , 193 , 241 
286,경기여자상업고등학교, 111 , 125 , 122 
287,동구마케팅고등학교, 226 , 227 , 250 
288,서울컨벤션고등학교, 260 , 251 , 246 
289,서일국제경영고등학교, 120 , 76 , 71 
290,동산정보산업고등학교, 331 , 341 , 320 
291,서울여자상업고등학교, 260 , 245 , 257 
292,선일이비즈니스고등학교, 209 , 209 , 212 
293,신정여자상업고등학교, 126 , 168 , 198 
294,서울영상고등학교, 157 , 148 , 152 
295,영락의료과학고등학교, 131 , 103 , 122 
296,일신여자상업고등학교, 295 , 332 , 372 
297,정화여자상업고등학교, 104 , 103 , 127 
298,경복비즈니스고등학교, 217 , 211 , 221 
299,고명경영고등학교, 171 , 94 , 58 
300,서울관광고등학교, 237 , 241 , 241 
301,광신정보산업고등학교, 112 , 78 , 109 
302,예림디자인고등학교, 146 , 97 , 126 
303,대경상업고등학교, 203 , 184 , 183 
304,대동세무고등학교, 260 , 256 , 256 
305,대일관광고등학교, 162 , 173 , 195 
306,동명여자정보산업고등학교, 116 , 102 , 123 
307,동일여자상업고등학교, 290 , 273 , 247 
308,서서울생활과학고등학교, 333 , 294 , 307 
309,성암국제무역고등학교, 192 , 188 , 181 
310,송곡관광고등학교, 168 , 169 , 175 
311,이화여자대학교병설미디어고등학교, 209 , 201 , 186 
312,해성국제컨벤션고등학교, 216 , 206 , 213 
313,화곡보건경영고등학교, 166 , 173 , 147 
314,서울항공비즈니스고등학교, 161 , 180 , 255 
315,홍익디자인고등학교, 130 , 128 , 124 
316,선정국제관광고등학교, 119 , 105 , 115 
317,세그루패션디자인고등학교, 188 , 157 , 187 
318,영신간호비즈니스고등학교, 221 , 181 , 195 
319,예일디자인고등학교, 211 , 200 , 202 
320,브니엘여자고등학교, 101 , 110 , 98 
321,부산진고등학교, 150 , 152 , 161 
322,부산대학교사범대학부설고등학교, 249 , 250 , 269 
323,경일고등학교, 159 , 139 , 145 
324,구덕고등학교, 164 , 172 , 214 
325,덕문고등학교, 45 , 49 , 50 
326,남산고등학교, 209 , 205 , 234 
327,정관고등학교, 315 , 283 , 274 
328,경원고등학교, 195 , 195 , 201 
329,경남고등학교, 183 , 197 , 197 
330,경남여자고등학교, 209 , 206 , 235 
331,영도여자고등학교, 157 , 148 , 219 
332,혜화여자고등학교, 195 , 178 , 183 
333,기장고등학교, 345 , 334 , 369 
334,부경고등학교, 170 , 165 , 199 
335,금곡고등학교, 246 , 252 , 291 
336,금정고등학교, 227 , 214 , 253 
337,금정여자고등학교, 164 , 155 , 189 
338,부산여자고등학교, 261 , 256 , 332 
339,낙동고등학교, 235 , 229 , 285 
340,개금고등학교, 154 , 148 , 156 
341,내성고등학교, 195 , 192 , 208 
342,만덕고등학교, 190 , 187 , 238 
343,다대고등학교, 217 , 216 , 257 
344,동래고등학교, 266 , 278 , 323 
345,문현여자고등학교, 202 , 183 , 225 
346,반여고등학교, 189 , 193 , 223 
347,동천고등학교, 222 , 205 , 246 
348,성도고등학교, 225 , 217 , 255 
349,부산고등학교, 160 , 167 , 180 
350,부산남고등학교, 112 , 117 , 153 
351,부산남일고등학교, 216 , 203 , 267 
352,부산동여자고등학교, 214 , 197 , 285 
353,부산서여자고등학교, 201 , 192 , 211 
354,성모여자고등학교, 204 , 198 , 275 
355,부산백양고등학교, 167 , 164 , 205 
356,금명여자고등학교, 163 , 149 , 165 
357,사상고등학교, 166 , 176 , 196 
358,센텀고등학교, 210 , 196 , 225 
359,부산장안고등학교, 124 , 115 , 124 
360,부산중앙고등학교, 181 , 170 , 167 
361,명호고등학교, 232 , 224 , 236 
362,신정고등학교, 252 , 214 , 221 
363,부산중앙여자고등학교, 275 , 253 , 310 
364,부흥고등학교, 293 , 304 , 344 
365,개성고등학교, 207 , 204 , 238 
366,분포고등학교, 175 , 153 , 202 
367,사직고등학교, 255 , 247 , 289 
368,부산강서고등학교, 163 , 148 , 180 
369,신도고등학교, 279 , 297 , 329 
370,양운고등학교, 275 , 302 , 322 
371,주례여자고등학교, 211 , 199 , 252 
372,충렬고등학교, 202 , 195 , 237 
373,화명고등학교, 264 , 283 , 320 
374,연제고등학교, 196 , 193 , 239 
375,해강고등학교, 279 , 309 , 361 
376,가야고등학교, 173 , 172 , 197 
377,건국고등학교, 140 , 161 , 169 
378,경혜여자고등학교, 160 , 146 , 185 
379,대덕여자고등학교, 166 , 159 , 185 
380,광명고등학교, 108 , 108 , 154 
381,금성고등학교, 129 , 127 , 165 
382,남성여자고등학교, 180 , 175 , 198 
383,대동고등학교, 224 , 230 , 265 
384,대명여자고등학교, 250 , 228 , 297 
385,대연고등학교, 193 , 179 , 215 
386,덕문여자고등학교, 241 , 224 , 306 
387,데레사여자고등학교, 198 , 199 , 220 
388,동래여자고등학교, 194 , 178 , 189 
389,동아고등학교, 279 , 283 , 277 
390,삼정고등학교, 216 , 206 , 217 
391,동인고등학교, 260 , 247 , 287 
392,배정고등학교, 151 , 152 , 151 
393,부산대저고등학교, 91 , 96 , 122 
394,부산동고등학교, 140 , 135 , 170 
395,동주여자고등학교, 167 , 164 , 207 
396,부산동성고등학교, 158 , 154 , 196 
397,부산진여자고등학교, 202 , 192 , 259 
398,브니엘고등학교, 156 , 153 , 172 
399,사직여자고등학교, 209 , 185 , 237 
400,삼성여자고등학교, 267 , 254 , 295 
401,성일여자고등학교, 205 , 204 , 217 
402,한얼고등학교, 118 , 120 , 115 
403,양정고등학교, 177 , 160 , 209 
404,예문여자고등학교, 210 , 180 , 228 
405,용인고등학교, 250 , 241 , 280 
406,이사벨고등학교, 238 , 237 , 253 
407,성지고등학교, 140 , 138 , 151 
408,장안제일고등학교, 99 , 96 , 100 
409,지산고등학교, 183 , 179 , 185 
410,지구촌고등학교, - , - , 21 
411,학산여자고등학교, 261 , 235 , 310 
412,부산국제외국어고등학교, 199 , 132 , 169 
413,해동고등학교, 161 , 163 , 180 
414,해운대고등학교, 173 , 170 , 169 
415,해운대여자고등학교, 175 , 199 , 251 
416,혜광고등학교, 150 , 154 , 187 
417,부산체육고등학교, 105 , 99 , 95 
418,부산과학고등학교, 102 , 101 , 71 
419,한국과학영재학교, 142 , 138 , 119 
420,부산일과학고등학교, 100 , 99 , 68 
421,부산예술고등학교, 376 , 386 , 394 
422,한국조형예술고등학교, 160 , 156 , 151 
423,브니엘예술고등학교, 163 , 152 , 163 
424,부산외국어고등학교, 245 , 234 , 242 
425,부일외국어고등학교, 203 , 190 , 199 
426,부산국제고등학교, 170 , 170 , 169 
427,동래원예고등학교, 171 , 154 , 173 
428,부산기계공업고등학교, 306 , 302 , 297 
429,경남공업고등학교, 237 , 226 , 256 
430,대진전자통신고등학교, 224 , 215 , 241 
431,부산공업고등학교, 230 , 233 , 259 
432,부산자동차고등학교, 120 , 119 , 109 
433,부산산업과학고등학교, 28 , 34 , 58 
434,부산전자공업고등학교, 236 , 228 , 255 
435,해운대공업고등학교, 155 , 137 , 188 
436,서부산공업고등학교, 154 , 133 , 177 
437,대광발명과학고등학교, 85 , 58 , 72 
438,부산디지털고등학교, 135 , 87 , 106 
439,경성전자고등학교, 106 , 119 , 158 
440,금정전자공업고등학교, 151 , 126 , 147 
441,대양전자통신고등학교, 164 , 149 , 174 
442,동명공업고등학교, 136 , 114 , 131 
443,동아공업고등학교, 157 , 149 , 167 
444,동의공업고등학교, 157 , 149 , 158 
445,부일전자디자인고등학교, 157 , 142 , 171 
446,부산컴퓨터과학고등학교, 222 , 212 , 236 
447,부산진여자상업고등학교, 180 , 169 , 196 
448,부산영상예술고등학교, 157 , 140 , 149 
449,부산마케팅고등학교, 224 , 207 , 238 
450,세정상업고등학교, 179 , 159 , 179 
451,부산경영고등학교, 63 , 67 , 125 
452,계성여자상업고등학교, 153 , 123 , 173 
453,부산세무고등학교, 200 , 192 , 215 
454,부산여자상업고등학교, 218 , 202 , 226 
455,부산정보고등학교, 225 , 204 , 210 
456,부산보건고등학교, 143 , 135 , 186 
457,부산해사고등학교, 162 , 152 , 143 
458,해운대관광고등학교, 181 , 164 , 187 
459,부산정보관광고등학교, 183 , 164 , 192 
460,부산관광고등학교, 183 , 168 , 181 
461,영산고등학교, 182 , 104 , 144 
462,부산문화여자고등학교, 190 , 182 , 201 
463,경북대학교사범대학부설고등학교, 276 , 259 , 307 
464,경덕여자고등학교, 189 , 221 , 238 
465,대구제일고등학교, 233 , 229 , 271 
466,경북고등학교, 352 , 348 , 404 
467,경북여자고등학교, 345 , 314 , 358 
468,구암고등학교, 280 , 251 , 275 
469,다사고등학교, 131 , 130 , 143 
470,달성고등학교, 353 , 346 , 413 
471,대구고등학교, 264 , 267 , 274 
472,칠성고등학교, 142 , 150 , 156 
473,호산고등학교, 242 , 232 , 268 
474,대구서부고등학교, 225 , 241 , 271 
475,매천고등학교, 244 , 242 , 263 
476,대구여자고등학교, 391 , 330 , 417 
477,상인고등학교, 218 , 221 , 235 
478,성서고등학교, 267 , 267 , 305 
479,수성고등학교, 278 , 269 , 309 
480,시지고등학교, 359 , 331 , 367 
481,와룡고등학교, 213 , 203 , 281 
482,운암고등학교, 270 , 257 , 309 
483,포산고등학교, 106 , 101 , 69 
484,학남고등학교, 303 , 287 , 313 
485,성산고등학교, 240 , 239 , 275 
486,대곡고등학교, 291 , 275 , 311 
487,화원고등학교, 279 , 276 , 294 
488,함지고등학교, 248 , 241 , 259 
489,도원고등학교, 216 , 226 , 265 
490,동문고등학교, 267 , 257 , 316 
491,강동고등학교, 267 , 247 , 275 
492,대진고등학교, 241 , 255 , 301 
493,강북고등학교, 287 , 298 , 330 
494,경명여자고등학교, 230 , 228 , 278 
495,경상고등학교, 244 , 247 , 289 
496,경상여자고등학교, 240 , 233 , 254 
497,경신고등학교, 218 , 216 , 278 
498,경원고등학교, 339 , 324 , 413 
499,경일여자고등학교, 88 , 124 , 217 
500,경화여자고등학교, 205 , 211 , 251 
501,계성고등학교, 254 , 248 , 316 
502,능인고등학교, 350 , 351 , 420 
503,달서고등학교, 143 , 146 , 164 
504,대건고등학교, 320 , 287 , 322 
505,대구남산고등학교, 309 , 289 , 354 
506,대구혜화여자고등학교, 304 , 293 , 383 
507,대륜고등학교, 382 , 363 , 444 
508,덕원고등학교, 355 , 344 , 431 
509,대구동부고등학교, 277 , 239 , 265 
510,대원고등학교, 210 , 200 , 221 
511,성광고등학교, 241 , 229 , 280 
512,성화여자고등학교, 297 , 274 , 350 
513,송현여자고등학교, 275 , 266 , 351 
514,신명고등학교, 239 , 224 , 267 
515,심인고등학교, 131 , 158 , 164 
516,영남고등학교, 426 , 395 , 465 
517,영송여자고등학교, 206 , 191 , 260 
518,영신고등학교, 245 , 242 , 272 
519,영진고등학교, 200 , 201 , 234 
520,오성고등학교, 205 , 202 , 281 
521,원화여자고등학교, 332 , 304 , 391 
522,정동고등학교, 179 , 186 , 193 
523,대구중앙고등학교, 259 , 254 , 288 
524,정화여자고등학교, 310 , 275 , 371 
525,청구고등학교, 263 , 274 , 295 
526,현풍고등학교, 143 , 139 , 168 
527,협성고등학교, 193 , 182 , 201 
528,효성여자고등학교, 276 , 248 , 264 
529,대구상원고등학교, 355 , 327 , 390 
530,달구벌고등학교, 33 , 38 , 36 
531,비슬고등학교, 291 , 256 , 327 
532,대구체육고등학교, 75 , 54 , 67 
533,대구과학고등학교, 95 , 93 , 93 
534,대구일과학고등학교, 81 , 80 , 47 
535,경북예술고등학교, 437 , 427 , 429 
536,대구외국어고등학교, 147 , 147 , 138 
537,대구농업마이스터고등학교, 123 , 113 , 106 
538,경북기계공업고등학교, 302 , 286 , 290 
539,대구공업고등학교, 347 , 341 , 382 
540,대구달서공업고등학교, 224 , 210 , 282 
541,대구일마이스터고등학교, 120 , 111 , 111 
542,대구서부공업고등학교, 291 , 182 , 245 
543,대구전자공업고등학교, 237 , 237 , 269 
544,경북공업고등학교, 265 , 261 , 301 
545,경상공업고등학교, 381 , 374 , 412 
546,대중금속공업고등학교, 119 , 114 , 133 
547,영남공업고등학교, 450 , 408 , 474 
548,조일고등학교, 188 , 147 , 79 
549,대구소프트웨어고등학교, 60 , 59 , 59 
550,대구제일여자상업고등학교, 215 , 211 , 241 
551,경북여자상업고등학교, 194 , 186 , 217 
552,대구여자상업고등학교, 239 , 235 , 272 
553,대구보건고등학교, 309 , 294 , 336 
554,대구관광고등학교, 291 , 242 , 254 
555,상서고등학교, 358 , 344 , 382 
556,서운고등학교, 217 , 204 , 226 
557,가정고등학교, 282 , 283 , 321 
558,가림고등학교, 298 , 283 , 332 
559,인천예일고등학교, 250 , 240 , 269 
560,인천논현고등학교, 266 , 218 , 269 
561,인천상정고등학교, 213 , 170 , 186 
562,인천세원고등학교, 227 , 198 , 223 
563,강화고등학교, 170 , 156 , 151 
564,강화여자고등학교, 170 , 166 , 159 
565,검단고등학교, 256 , 221 , 262 
566,계산고등학교, 230 , 240 , 271 
567,계산여자고등학교, 202 , 205 , 230 
568,교동고등학교, 12 , 13 , 10 
569,대청고등학교, 6 , 4 , 5 
570,덕적고등학교, 5 , 11 , 10 
571,동인천고등학교, 231 , 229 , 249 
572,백석고등학교, 335 , 326 , 390 
573,부개여자고등학교, 206 , 216 , 206 
574,부광고등학교, 245 , 203 , 269 
575,부광여자고등학교, 177 , 180 , 205 
576,계양고등학교, 185 , 194 , 238 
577,부평여자고등학교, 213 , 212 , 253 
578,삼량고등학교, 32 , 59 , 43 
579,인제고등학교, 254 , 267 , 305 
580,석정여자고등학교, 193 , 190 , 243 
581,부평고등학교, 266 , 213 , 264 
582,인명여자고등학교, 357 , 314 , 346 
583,삼산고등학교, 211 , 209 , 232 
584,인화여자고등학교, 199 , 189 , 192 
585,서도고등학교, 1 , - , 1 
586,인천송천고등학교, 236 , 210 , 228 
587,인천초은고등학교, 299 , 255 , 288 
588,인천청라고등학교, 304 , 297 , 319 
589,인천하늘고등학교, 230 , 221 , 215 
590,인천연송고등학교, 243 , 225 , 244 
591,인천영종고등학교, 274 , 258 , 279 
592,인천해원고등학교, 275 , 222 , 246 
593,인천포스코고등학교, 214 , 213 , 226 
594,선인고등학교, 167 , 162 , 184 
595,연수고등학교, 298 , 285 , 321 
596,연수여자고등학교, 297 , 282 , 327 
597,백령고등학교, 26 , 25 , 22 
598,연평고등학교, 13 , 10 , 12 
599,인천고등학교, 297 , 292 , 311 
600,인천공항고등학교, 303 , 230 , 205 
601,인천남고등학교, 247 , 214 , 209 
602,인천여자고등학교, 285 , 261 , 306 
603,인천영흥고등학교, 30 , 37 , 33 
604,제물포고등학교, 149 , 167 , 163 
605,학익고등학교, 186 , 186 , 201 
606,학익여자고등학교, 315 , 343 , 376 
607,인천해송고등학교, 303 , 273 , 289 
608,인천고잔고등학교, 260 , 219 , 277 
609,인천효성고등학교, 223 , 201 , 265 
610,인천영선고등학교, 243 , 230 , 222 
611,인천원당고등학교, 282 , 278 , 305 
612,광성고등학교, 197 , 181 , 201 
613,산마을고등학교, 20 , 20 , 20 
614,인천대건고등학교, 273 , 265 , 292 
615,대인고등학교, 359 , 340 , 373 
616,덕신고등학교, 84 , 87 , 80 
617,동산고등학교, 175 , 172 , 203 
618,인일여자고등학교, 229 , 216 , 250 
619,명신여자고등학교, 214 , 170 , 186 
620,인천산곡고등학교, 200 , 194 , 226 
621,문일여자고등학교, 373 , 326 , 344 
622,박문여자고등학교, 266 , 231 , 236 
623,서인천고등학교, 407 , 401 , 444 
624,인천마전고등학교, 201 , 176 , 210 
625,세일고등학교, 246 , 213 , 237 
626,송도고등학교, 285 , 299 , 344 
627,숭덕여자고등학교, 312 , 269 , 320 
628,신명여자고등학교, 263 , 263 , 297 
629,인성여자고등학교, 186 , 159 , 182 
630,인하대학교사범대학부속고등학교, 205 , 213 , 216 
631,제일고등학교, 176 , 154 , 187 
632,인항고등학교, 177 , 184 , 219 
633,안남고등학교, 202 , 196 , 240 
634,작전고등학교, 199 , 207 , 255 
635,작전여자고등학교, 204 , 198 , 246 
636,옥련여자고등학교, 263 , 244 , 310 
637,가좌고등학교, 287 , 255 , 353 
638,부개고등학교, 223 , 189 , 225 
639,도림고등학교, 221 , 173 , 217 
640,인천부흥고등학교, 198 , 189 , 212 
641,신송고등학교, 269 , 259 , 313 
642,인천만수고등학교, 263 , 227 , 298 
643,인천신현고등학교, 293 , 226 , 248 
644,인천남동고등학교, 252 , 240 , 300 
645,인천체육고등학교, 97 , 91 , 103 
646,인천과학고등학교, 81 , 80 , 48 
647,인천진산과학고등학교, 80 , 80 , 46 
648,인천과학예술영재학교, 77 , 74 , 77 
649,인천예술고등학교, 159 , 158 , 156 
650,미추홀외국어고등학교, 193 , 186 , 190 
651,인천외국어고등학교, 214 , 217 , 218 
652,인천국제고등학교, 142 , 135 , 143 
653,인평자동차고등학교, 145 , 142 , 163 
654,계산공업고등학교, 248 , 247 , 285 
655,인천미래생활고등학교, 209 , 161 , 120 
656,강남영상미디어고등학교, 79 , 79 , 77 
657,부평공업고등학교, 245 , 254 , 287 
658,인천하이텍고등학교, 78 , 48 , 62 
659,도화기계공업고등학교, 205 , 186 , 243 
660,인천기계공업고등학교, 346 , 355 , 394 
661,인천디자인고등학교, 253 , 251 , 270 
662,인천뷰티예술고등학교, 202 , 181 , 221 
663,인천전자마이스터고등학교, 162 , 153 , 153 
664,인천정보산업고등학교, 289 , 260 , 288 
665,청학공업고등학교, 171 , 173 , 201 
666,재능고등학교, 242 , 252 , 278 
667,정석항공과학고등학교, 194 , 196 , 226 
668,한국주얼리고등학교, 97 , 97 , 111 
669,인천비즈니스고등학교, 204 , 119 , 201 
670,문학정보고등학교, 160 , 191 , 224 
671,영종국제물류고등학교, 71 , 76 , 81 
672,인천여자상업고등학교, 275 , 285 , 331 
673,인천보건고등학교, 191 , 174 , 200 
674,인천금융고등학교, 217 , 221 , 240 
675,인천세무고등학교, 241 , 239 , 280 
676,영화관광경영고등학교, 240 , 226 , 270 
677,인천중앙여자상업고등학교, 192 , 202 , 226 
678,인천해양과학고등학교, 218 , 122 , 159 
679,인천해사고등학교, 120 , 120 , 112 
680,인천생활과학고등학교, 206 , 218 , 233 
681,상무고등학교, 220 , 224 , 322 
682,성덕고등학교, 338 , 319 , 307 
683,설월여자고등학교, 264 , 206 , 291 
684,전남대학교사범대학부설고등학교, 230 , 226 , 249 
685,운남고등학교, 335 , 266 , 361 
686,풍암고등학교, 269 , 257 , 266 
687,첨단고등학교, 326 , 361 , 365 
688,광주여자고등학교, 321 , 257 , 349 
689,광주고등학교, 229 , 239 , 266 
690,광주제일고등학교, 238 , 241 , 260 
691,전남고등학교, 257 , 231 , 277 
692,전남여자고등학교, 215 , 198 , 240 
693,동명고등학교, 79 , 80 , 81 
694,고려고등학교, 244 , 256 , 301 
695,광덕고등학교, 278 , 274 , 309 
696,보문고등학교, 306 , 294 , 330 
697,명진고등학교, 287 , 285 , 299 
698,광일고등학교, 73 , 55 , 90 
699,광주경신여자고등학교, 252 , 261 , 286 
700,광주대동고등학교, 222 , 256 , 277 
701,광주동성고등학교, 198 , 229 , 273 
702,광주동신고등학교, 249 , 237 , 268 
703,광주동신여자고등학교, 337 , 267 , 338 
704,광주서석고등학교, 250 , 254 , 273 
705,광주석산고등학교, 219 , 222 , 295 
706,광주수피아여자고등학교, 244 , 223 , 263 
707,광주숭일고등학교, 272 , 296 , 324 
708,광주인성고등학교, 225 , 223 , 295 
709,금호중앙여자고등학교, 279 , 260 , 298 
710,광주진흥고등학교, 285 , 282 , 313 
711,동아여자고등학교, 238 , 224 , 261 
712,국제고등학교, 279 , 264 , 301 
713,금호고등학교, 247 , 236 , 232 
714,대광여자고등학교, 194 , 197 , 268 
715,대성여자고등학교, 293 , 244 , 304 
716,문성고등학교, 221 , 223 , 300 
717,살레시오고등학교, 254 , 244 , 281 
718,살레시오여자고등학교, 236 , 202 , 234 
719,서강고등학교, 306 , 298 , 327 
720,송원고등학교, 196 , 189 , 215 
721,송원여자고등학교, 174 , 193 , 240 
722,숭덕고등학교, 326 , 333 , 348 
723,정광고등학교, 357 , 357 , 385 
724,조선대학교부속고등학교, 220 , 203 , 236 
725,조선대학교여자고등학교, 241 , 193 , 256 
726,호남삼육고등학교, 96 , 95 , 97 
727,상일여자고등학교, 223 , 229 , 255 
728,문정여자고등학교, 309 , 266 , 298 
729,장덕고등학교, 375 , 331 , 378 
730,수완고등학교, 361 , 287 , 346 
731,빛고을고등학교, 287 , 254 , 289 
732,광주체육고등학교, 102 , 78 , 94 
733,광주과학고등학교, 93 , 97 , 97 
734,광주예술고등학교, 126 , 142 , 125 
735,광주자연과학고등학교, 193 , 193 , 195 
736,광주공업고등학교, 363 , 359 , 389 
737,광주소프트웨어마이스터고등학교, 79 , 84 , 78 
738,광주전자공업고등학교, 343 , 340 , 355 
739,전남공업고등학교, 332 , 317 , 342 
740,동일미래과학고등학교, 260 , 224 , 302 
741,금파공업고등학교, 208 , 189 , 205 
742,숭의과학기술고등학교, 240 , 237 , 272 
743,광주여자상업고등학교, 158 , 152 , 164 
744,송원여자상업고등학교, 188 , 185 , 207 
745,전남여자상업고등학교, 213 , 206 , 215 
746,광주자동화설비공업고등학교, 81 , 80 , 79 
747,서진여자고등학교, 82 , 127 , 226 
748,대전반석고등학교, 295 , 274 , 327 
749,대덕고등학교, 211 , 200 , 235 
750,대전고등학교, 372 , 351 , 397 
751,대전관저고등학교, 239 , 209 , 224 
752,대전둔산여자고등학교, 322 , 333 , 388 
753,대전만년고등학교, 276 , 257 , 261 
754,대전송촌고등학교, 364 , 344 , 407 
755,대전여자고등학교, 364 , 352 , 413 
756,대전전민고등학교, 277 , 264 , 268 
757,대전둔원고등학교, 289 , 259 , 308 
758,대전지족고등학교, 331 , 310 , 357 
759,대전구봉고등학교, 243 , 219 , 237 
760,대전노은고등학교, 233 , 236 , 246 
761,동대전고등학교, 305 , 268 , 289 
762,신탄진고등학교, 164 , 151 , 171 
763,유성고등학교, 338 , 314 , 380 
764,충남고등학교, 355 , 348 , 400 
765,충남여자고등학교, 380 , 345 , 439 
766,한밭고등학교, 297 , 249 , 308 
767,남대전고등학교, 219 , 217 , 254 
768,대전대성고등학교, 355 , 334 , 336 
769,대전대신고등학교, 359 , 321 , 346 
770,대전동산고등학교, 252 , 235 , 245 
771,대전제일고등학교, 163 , 176 , 188 
772,대전성모여자고등학교, 201 , 183 , 186 
773,대전괴정고등학교, 285 , 252 , 298 
774,대전용산고등학교, 282 , 269 , 296 
775,대전중앙고등학교, 188 , 183 , 223 
776,동방고등학교, 258 , 233 , 257 
777,명석고등학교, 246 , 225 , 227 
778,보문고등학교, 248 , 246 , 291 
779,우송고등학교, 271 , 245 , 315 
780,대전이문고등학교, 167 , 160 , 161 
781,서대전고등학교, 258 , 233 , 302 
782,서대전여자고등학교, 152 , 165 , 209 
783,서일고등학교, 216 , 191 , 230 
784,서일여자고등학교, 215 , 183 , 215 
785,대전한빛고등학교, 200 , 188 , 192 
786,유성여자고등학교, 205 , 197 , 213 
787,중일고등학교, 220 , 221 , 228 
788,청란여자고등학교, 140 , 141 , 165 
789,호수돈여자고등학교, 230 , 213 , 234 
790,대전가오고등학교, 217 , 218 , 241 
791,대전복수고등학교, 200 , 189 , 214 
792,대전도안고등학교, 293 , 278 , 304 
793,대전체육고등학교, 71 , 64 , 87 
794,대전과학고등학교, 93 , 94 , 95 
795,대전동신과학고등학교, 84 , 77 , 57 
796,대전예술고등학교, 220 , 230 , 248 
797,대전외국어고등학교, 248 , 245 , 244 
798,유성생명과학고등학교, 221 , 256 , 286 
799,대덕소프트웨어마이스터고등학교, 79 , 78 , 71 
800,대전전자디자인고등학교, 152 , 55 , 115 
801,대전공업고등학교, 193 , 203 , 263 
802,충남기계공업고등학교, 312 , 339 , 384 
803,대전생활과학고등학교, 191 , 209 , 226 
804,계룡디지텍고등학교, 190 , 220 , 246 
805,동아마이스터고등학교, 198 , 197 , 193 
806,대전국제통상고등학교, 205 , 190 , 235 
807,대전대성여자고등학교, 232 , 228 , 261 
808,대전여자상업고등학교, 210 , 246 , 269 
809,대전신일여자고등학교, 208 , 226 , 252 
810,문수고등학교, 181 , 199 , 232 
811,천상고등학교, 302 , 240 , 271 
812,남창고등학교, 314 , 254 , 326 
813,다운고등학교, 163 , 158 , 209 
814,남목고등학교, 197 , 174 , 199 
815,우신고등학교, 212 , 170 , 226 
816,범서고등학교, 336 , 334 , 372 
817,울산동천고등학교, 258 , 237 , 279 
818,달천고등학교, 268 , 239 , 308 
819,대송고등학교, 227 , 191 , 236 
820,무거고등학교, 181 , 169 , 212 
821,무룡고등학교, 174 , 136 , 195 
822,문현고등학교, 182 , 167 , 189 
823,방어진고등학교, 173 , 164 , 203 
824,신정고등학교, 294 , 296 , 369 
825,울산여자고등학교, 236 , 229 , 313 
826,온산고등학교, 87 , 83 , 120 
827,울산중앙고등학교, 166 , 163 , 177 
828,울산중앙여자고등학교, 185 , 160 , 238 
829,학성고등학교, 297 , 283 , 304 
830,학성여자고등학교, 198 , 164 , 237 
831,호계고등학교, 230 , 220 , 237 
832,화암고등학교, 154 , 165 , 179 
833,울산강남고등학교, 190 , 161 , 204 
834,약사고등학교, 257 , 243 , 334 
835,언양고등학교, 162 , 132 , 147 
836,효정고등학교, 145 , 127 , 162 
837,대현고등학교, 199 , 172 , 227 
838,함월고등학교, 212 , 182 , 273 
839,신선여자고등학교, 186 , 176 , 207 
840,삼산고등학교, 196 , 199 , 259 
841,삼일여자고등학교, 205 , 209 , 214 
842,성광여자고등학교, 198 , 176 , 228 
843,성신고등학교, 228 , 186 , 204 
844,울산경의고등학교, 148 , 119 , 153 
845,울산고등학교, 206 , 184 , 277 
846,울산제일고등학교, 189 , 191 , 229 
847,화봉고등학교, 210 , 168 , 190 
848,현대고등학교, 194 , 188 , 197 
849,매곡고등학교, 227 , 226 , 236 
850,현대청운고등학교, 181 , 173 , 176 
851,세인고등학교, 65 , 76 , 104 
852,울산스포츠과학고등학교, 84 , 69 , 62 
853,울산과학고등학교, 71 , 72 , 42 
854,울산예술고등학교, 73 , 86 , 79 
855,울산외국어고등학교, 162 , 145 , 159 
856,울산공업고등학교, 366 , 428 , 470 
857,울산애니원고등학교, 106 , 95 , 99 
858,울산마이스터고등학교, 120 , 115 , 113 
859,울산에너지고등학교, 123 , 119 , 124 
860,울산기술공업고등학교, 216 , 204 , 230 
861,현대공업고등학교, 120 , 113 , 112 
862,울산상업고등학교, 173 , 185 , 265 
863,울산여자상업고등학교, 242 , 287 , 367 
864,울산산업고등학교, 173 , 215 , 275 
865,울산미용예술고등학교, 128 , 138 , 146 
866,울산생활과학고등학교, 197 , 255 , 295 
867,도담고등학교, 200 , 201 , 202 
868,세종여자고등학교, 190 , 219 , 232 
869,세종고등학교, 249 , 247 , 241 
870,성남고등학교, 163 , 182 , 151 
871,한솔고등학교, 209 , 208 , 209 
872,아름고등학교, 309 , 253 , 247 
873,고운고등학교, 154 , 156 , 156 
874,두루고등학교, 219 , 184 , 181 
875,양지고등학교, 248 , 229 , 219 
876,종촌고등학교, 306 , 255 , 228 
877,보람고등학교, 228 , 157 , 147 
878,소담고등학교, 157 , 125 , 100 
879,새롬고등학교, 301 , 267 , 241 
880,다정고등학교, 200 , - , - 
881,세종과학예술영재학교, 97 , 94 , 91 
882,세종예술고등학교, 80 , 78 , - 
883,세종국제고등학교, 106 , 100 , 96 
884,세종하이텍고등학교, 109 , 119 , 135 
885,김포제일고등학교, 365 , 345 , 356 
886,매홀고등학교, 285 , 254 , 209 
887,수원칠보고등학교, 277 , 250 , 291 
888,한빛고등학교, 374 , 340 , 357 
889,초월고등학교, 329 , 335 , 396 
890,한민고등학교, 369 , 347 , 323 
891,별내고등학교, 262 , 282 , 350 
892,고양동산고등학교, 214 , 207 , 233 
893,위례고등학교, 76 , 47 , 66 
894,위례한빛고등학교, 293 , 270 , 279 
895,하길고등학교, 279 , 158 , 212 
896,가좌고등학교, 319 , 308 , 330 
897,가평고등학교, 207 , 208 , 238 
898,가운고등학교, 325 , 284 , 325 
899,덕현고등학교, 397 , 321 , 403 
900,동패고등학교, 382 , 337 , 351 
901,마석고등학교, 327 , 310 , 339 
902,판교고등학교, 212 , 187 , 220 
903,성복고등학교, 389 , 349 , 387 
904,운산고등학교, 271 , 258 , 270 
905,율천고등학교, 156 , 131 , 129 
906,경기대명고등학교, 17 , 21 , 25 
907,이현고등학교, 268 , 276 , 308 
908,저현고등학교, 326 , 306 , 325 
909,세교고등학교, 311 , 285 , 351 
910,계남고등학교, 250 , 262 , 287 
911,고색고등학교, 264 , 255 , 270 
912,고잔고등학교, 334 , 329 , 436 
913,교하고등학교, 316 , 285 , 305 
914,이산고등학교, 361 , 261 , - 
915,과천고등학교, 198 , 187 , 217 
916,군서고등학교, 327 , 302 , 307 
917,과천중앙고등학교, 177 , 187 , 212 
918,관양고등학교, 340 , 321 , 372 
919,관인고등학교, 33 , 26 , 35 
920,고양일고등학교, 205 , 191 , 206 
921,광남고등학교, 257 , 251 , 340 
922,광명고등학교, 317 , 295 , 350 
923,광명북고등학교, 344 , 315 , 436 
924,명문고등학교, 344 , 320 , 385 
925,광문고등학교, 308 , 290 , 328 
926,광주고등학교, 316 , 314 , 387 
927,구리고등학교, 242 , 229 , 304 
928,구리여자고등학교, 243 , 241 , 273 
929,구성고등학교, 284 , 271 , 300 
930,금촌고등학교, 350 , 350 , 356 
931,광교고등학교, 285 , 265 , 333 
932,권선고등학교, 366 , 345 , 419 
933,기흥고등학교, 304 , 259 , 322 
934,김포고등학교, 364 , 369 , 366 
935,나루고등학교, 255 , 248 , 284 
936,남한고등학교, 219 , 202 , 204 
937,늘푸른고등학교, 270 , 252 , 283 
938,능곡고등학교, 301 , 274 , 321 
939,단원고등학교, 258 , 254 , 284 
940,대지고등학교, 313 , 273 , 332 
941,대평고등학교, 301 , 265 , 329 
942,덕계고등학교, 263 , 253 , 275 
943,덕산고등학교, 239 , 226 , 259 
944,망포고등학교, 268 , 260 , 278 
945,매원고등학교, 295 , 286 , 305 
946,덕정고등학교, 303 , 291 , 296 
947,도농고등학교, 293 , 280 , 324 
948,도당고등학교, 254 , 232 , 270 
949,동백고등학교, 310 , 262 , 313 
950,돌마고등학교, 247 , 238 , 274 
951,동안고등학교, 375 , 353 , 395 
952,동탄고등학교, 327 , 330 , 392 
953,매탄고등학교, 332 , 308 , 325 
954,무원고등학교, 259 , 281 , 325 
955,문산고등학교, 114 , 123 , 129 
956,반송고등학교, 345 , 322 , 353 
957,범박고등학교, 255 , 256 , 271 
958,백마고등학교, 333 , 320 , 400 
959,백석고등학교, 316 , 323 , 349 
960,보라고등학교, 247 , 221 , 252 
961,백신고등학교, 327 , 322 , 380 
962,백양고등학교, 310 , 271 , 328 
963,마장고등학교, 43 , 32 , 65 
964,백운고등학교, 268 , 258 , 301 
965,병점고등학교, 354 , 315 , 358 
966,보정고등학교, 345 , 302 , 352 
967,봉일천고등학교, 274 , 256 , 303 
968,부명고등학교, 254 , 266 , 286 
969,봉담고등학교, 289 , 297 , 324 
970,양주고등학교, 173 , 166 , 203 
971,상동고등학교, 253 , 256 , 282 
972,부천고등학교, 250 , 249 , 263 
973,부천북고등학교, 247 , 251 , 271 
974,부천여자고등학교, 246 , 200 , 252 
975,부흥고등학교, 379 , 359 , 406 
976,분당고등학교, 297 , 273 , 316 
977,분당중앙고등학교, 288 , 264 , 307 
978,불곡고등학교, 288 , 262 , 272 
979,사우고등학교, 361 , 365 , 349 
980,상원고등학교, 250 , 265 , 286 
981,산본고등학교, 393 , 351 , 423 
982,상일고등학교, 209 , 178 , 268 
983,서원고등학교, 379 , 332 , 374 
984,역곡고등학교, 149 , 140 , 132 
985,운양고등학교, 329 , 310 , 332 
986,서현고등학교, 294 , 272 , 320 
987,서해고등학교, 358 , 345 , 337 
988,선부고등학교, 270 , 235 , 275 
989,설악고등학교, 56 , 56 , 61 
990,소래고등학교, 363 , 365 , 403 
991,성남고등학교, 210 , 198 , 218 
992,성사고등학교, 249 , 244 , 273 
993,성지고등학교, 363 , 326 , 353 
994,성남여자고등학교, 237 , 229 , 257 
995,성안고등학교, 338 , 355 , 426 
996,성호고등학교, 302 , 281 , 300 
997,송내고등학교, 235 , 210 , 246 
998,소사고등학교, 196 , 189 , 239 
999,소하고등학교, 347 , 318 , 414 
1000,수내고등학교, 280 , 253 , 249 
1001,수리고등학교, 391 , 407 , 390 
1002,수성고등학교, 321 , 296 , 373 
1003,지평고등학교, 29 , 26 , 29 
1004,수택고등학교, 245 , 238 , 281 
1005,수주고등학교, 162 , 169 , 204 
1006,수원여자고등학교, 314 , 305 , 340 
1007,수일고등학교, 314 , 280 , 335 
1008,수지고등학교, 428 , 394 , 452 
1009,숙지고등학교, 313 , 280 , 335 
1010,심원고등학교, 247 , 248 , 264 
1011,시흥고등학교, 331 , 325 , 392 
1012,신장고등학교, 222 , 202 , 198 
1013,안곡고등학교, 325 , 321 , 342 
1014,안성고등학교, 225 , 227 , 262 
1015,시흥능곡고등학교, 301 , 318 , 342 
1016,시흥매화고등학교, 209 , 207 , 227 
1017,신길고등학교, 274 , 255 , 295 
1018,안성여자고등학교, 187 , 194 , 221 
1019,안양고등학교, 322 , 310 , 331 
1020,안화고등학교, 347 , 335 , 374 
1021,양주백석고등학교, 229 , 245 , 294 
1022,양지고등학교, 283 , 253 , 343 
1023,송우고등학교, 337 , 310 , 340 
1024,세종고등학교, 184 , 179 , 177 
1025,예당고등학교, 340 , 307 , 301 
1026,영덕고등학교, 366 , 346 , 441 
1027,와부고등학교, 254 , 221 , 209 
1028,용인고등학교, 380 , 378 , 402 
1029,용인백현고등학교, 276 , 250 , 278 
1030,용호고등학교, 439 , 402 , 444 
1031,운암고등학교, 238 , 236 , 231 
1032,운천고등학교, 299 , 284 , 335 
1033,원곡고등학교, 329 , 312 , 406 
1034,정현고등학교, 351 , - , - 
1035,원미고등학교, 262 , 273 , 291 
1036,원종고등학교, 238 , 256 , 281 
1037,은행고등학교, 337 , 304 , 369 
1038,의정부고등학교, 322 , 325 , 355 
1039,의정부여자고등학교, 264 , 250 , 260 
1040,부용고등학교, 255 , 264 , 289 
1041,율면고등학교, 17 , 18 , 20 
1042,갈매고등학교, 249 , 190 , 214 
1043,이매고등학교, 286 , 252 , 286 
1044,상현고등학교, 323 , 301 , 319 
1045,이천고등학교, 264 , 272 , 306 
1046,상록고등학교, 343 , 342 , 414 
1047,오남고등학교, 353 , 344 , 370 
1048,이포고등학교, 34 , 35 , 57 
1049,인덕원고등학교, 312 , 296 , 323 
1050,인창고등학교, 250 , 242 , 285 
1051,일산동고등학교, 325 , 328 , 357 
1052,장곡고등학교, 242 , 226 , 264 
1053,장안고등학교, 275 , 253 , 303 
1054,장호원고등학교, 118 , 115 , 136 
1055,의왕고등학교, 177 , 185 , 223 
1056,이충고등학교, 279 , 274 , 297 
1057,저동고등학교, 329 , 321 , 381 
1058,정발고등학교, 328 , 298 , 341 
1059,정왕고등학교, 387 , 309 , 315 
1060,주엽고등학교, 361 , 350 , 427 
1061,죽전고등학교, 376 , 350 , 384 
1062,조원고등학교, 261 , 235 , 281 
1063,중산고등학교, 321 , 300 , 354 
1064,중원고등학교, 256 , 241 , 292 
1065,중흥고등학교, 256 , 268 , 286 
1066,진건고등학교, 339 , 329 , 361 
1067,천천고등학교, 268 , 244 , 292 
1068,청명고등학교, 352 , 339 , 364 
1069,청덕고등학교, 298 , 260 , 282 
1070,청운고등학교, 16 , 23 , 30 
1071,청학고등학교, 210 , 169 , 271 
1072,초지고등학교, 277 , 266 , 355 
1073,초당고등학교, 297 , 263 , 305 
1074,충현고등학교, 210 , 228 , 231 
1075,충훈고등학교, 282 , 264 , 287 
1076,태장고등학교, 354 , 339 , 442 
1077,토평고등학교, 242 , 244 , 303 
1078,퇴계원고등학교, 315 , 320 , 348 
1079,평내고등학교, 296 , 289 , 316 
1080,창의고등학교, 369 , 287 , 236 
1081,평촌고등학교, 393 , 366 , 413 
1082,태광고등학교, 271 , 275 , 300 
1083,점동고등학교, 53 , 59 , 60 
1084,비전고등학교, 324 , 291 , 313 
1085,평택고등학교, 284 , 259 , 286 
1086,포곡고등학교, 283 , 292 , 311 
1087,포천고등학교, 254 , 243 , 250 
1088,함현고등학교, 316 , 260 , 288 
1089,행신고등학교, 316 , 282 , 320 
1090,한솔고등학교, 289 , 256 , 289 
1091,화수고등학교, 318 , 298 , 331 
1092,화정고등학교, 313 , 270 , 313 
1093,화홍고등학교, 342 , 321 , 394 
1094,효원고등학교, 356 , 331 , 411 
1095,청평고등학교, 64 , 86 , 104 
1096,흥진고등학교, 339 , 358 , 388 
1097,성포고등학교, 299 , 312 , 395 
1098,송탄고등학교, 169 , 146 , 184 
1099,송호고등학교, 352 , 372 , 497 
1100,송현고등학교, 290 , 302 , 328 
1101,향남고등학교, 235 , 263 , 290 
1102,풍덕고등학교, 465 , 422 , 476 
1103,풍동고등학교, 269 , 269 , 272 
1104,풍무고등학교, 395 , 337 , 390 
1105,현화고등학교, 267 , 265 , 279 
1106,현암고등학교, 196 , 194 , 224 
1107,호평고등학교, 277 , 272 , 302 
1108,호원고등학교, 288 , 294 , 316 
1109,홍천고등학교, 384 , 340 , 392 
1110,효양고등학교, 267 , 253 , 290 
1111,효자고등학교, 286 , 298 , 321 
1112,경민고등학교, 248 , 247 , 271 
1113,경화여자고등학교, 331 , 304 , 363 
1114,경안고등학교, 350 , 357 , 467 
1115,과천여자고등학교, 143 , 165 , 193 
1116,대화고등학교, 330 , 314 , 328 
1117,백송고등학교, 126 , 123 , 122 
1118,의정부광동고등학교, 254 , 196 , 228 
1119,부곡고등학교, 294 , 309 , 319 
1120,군포고등학교, 314 , 298 , 344 
1121,낙생고등학교, 286 , 261 , 313 
1122,대신고등학교, 85 , 86 , 92 
1123,덕소고등학교, 375 , 331 , 364 
1124,판곡고등학교, 350 , 332 , 371 
1125,동남고등학교, 293 , 287 , 307 
1126,동두천고등학교, 149 , 126 , 148 
1127,동우여자고등학교, 296 , 257 , 310 
1128,동원고등학교, 348 , 307 , 390 
1129,장기고등학교, 332 , 305 , 330 
1130,동화고등학교, 448 , 426 , 471 
1131,두레자연고등학교, 41 , 35 , 38 
1132,백영고등학교, 342 , 321 , 349 
1133,분당대진고등학교, 343 , 304 , 343 
1134,보영여자고등학교, 136 , 143 , 173 
1135,곡정고등학교, 261 , 230 , 293 
1136,한백고등학교, 354 , 339 , 400 
1137,삼광고등학교, 51 , 30 , 51 
1138,상우고등학교, 252 , 253 , 293 
1139,삼괴고등학교, 213 , 218 , 209 
1140,서울삼육고등학교, 228 , 206 , 214 
1141,성문고등학교, 316 , 288 , 327 
1142,성일고등학교, 279 , 266 , 340 
1143,동광고등학교, 235 , 221 , 264 
1144,세원고등학교, 174 , 147 , 187 
1145,소명여자고등학교, 275 , 236 , 300 
1146,송림고등학교, 277 , 257 , 300 
1147,라온고등학교, 161 , 161 , 174 
1148,운정고등학교, 378 , 323 , 347 
1149,수원고등학교, 341 , 339 , 388 
1150,송산고등학교, 112 , 86 , 89 
1151,숭신여자고등학교, 226 , 210 , 278 
1152,시온고등학교, 298 , 262 , 346 
1153,신갈고등학교, 301 , 270 , 292 
1154,솔터고등학교, 332 , 256 , 215 
1155,심석고등학교, 349 , 330 , 376 
1156,신성고등학교, 334 , 324 , 383 
1157,신한고등학교, 308 , 273 , 295 
1158,신흥고등학교, 117 , 95 , 102 
1159,안법고등학교, 242 , 224 , 222 
1160,안산동산고등학교, 335 , 385 , 390 
1161,안산강서고등학교, 303 , 280 , 376 
1162,안산고등학교, 296 , 299 , 345 
1163,안양여자고등학교, 216 , 210 , 228 
1164,호매실고등학교, 223 , 207 , 226 
1165,야탑고등학교, 274 , 250 , 270 
1166,양명고등학교, 378 , 350 , 396 
1167,양곡고등학교, 215 , 191 , 194 
1168,양명여자고등학교, 366 , 334 , 383 
1169,여주고등학교, 167 , 159 , 161 
1170,양일고등학교, 228 , 209 , 248 
1171,분당영덕여자고등학교, 269 , 238 , 288 
1172,영복여자고등학교, 314 , 278 , 315 
1173,여강고등학교, 84 , 82 , 92 
1174,영생고등학교, 317 , 280 , 331 
1175,동국대학교사범대학부속영석고등학교, 255 , 265 , 281 
1176,영신여자고등학교, 291 , 280 , 296 
1177,오산고등학교, 297 , 275 , 319 
1178,광휘고등학교, 264 , 266 , 287 
1179,우성고등학교, 266 , 254 , 315 
1180,유신고등학교, 347 , 329 , 391 
1181,모락고등학교, 183 , 188 , 233 
1182,이천양정여자고등학교, 261 , 265 , 294 
1183,율곡고등학교, 133 , 121 , 144 
1184,이우고등학교, 82 , 76 , 79 
1185,일산대진고등학교, 350 , 332 , 404 
1186,정명고등학교, 268 , 240 , 241 
1187,향일고등학교, 244 , 261 , 285 
1188,지산고등학교, 384 , 339 , 371 
1189,별가람고등학교, 246 , 101 , 214 
1190,진성고등학교, 243 , 216 , 244 
1191,창현고등학교, 379 , 368 , 447 
1192,용인한국외국어대학교부설고등학교, 358 , 366 , 358 
1193,태성고등학교, 249 , 247 , 252 
1194,미사강변고등학교, 150 , 108 , 146 
1195,태원고등학교, 344 , 320 , 382 
1196,태전고등학교, 285 , 252 , - 
1197,신봉고등학교, 371 , 323 , 359 
1198,배곧고등학교, 333 , 308 , 317 
1199,고림고등학교, 344 , 344 , 379 
1200,서정고등학교, 309 , 279 , 316 
1201,풍생고등학교, 240 , 219 , 271 
1202,하남고등학교, 279 , 250 , 257 
1203,한광고등학교, 309 , 278 , 303 
1204,한광여자고등학교, 336 , 306 , 293 
1205,덕이고등학교, 309 , 294 , 323 
1206,군포중앙고등학교, 214 , 203 , 213 
1207,파주고등학교, 103 , 111 , 111 
1208,화성고등학교, 276 , 279 , 333 
1209,효성고등학교, 220 , 206 , 253 
1210,마송고등학교, 146 , 92 , 49 
1211,진접고등학교, 348 , 332 , 353 
1212,보평고등학교, 227 , 208 , 235 
1213,복정고등학교, 189 , 164 , 177 
1214,운중고등학교, 225 , 206 , 234 
1215,신천고등학교, 268 , 260 , 288 
1216,광덕고등학교, 249 , 245 , 289 
1217,경기창조고등학교, 306 , 307 , 317 
1218,세마고등학교, 291 , 281 , 296 
1219,흥덕고등학교, 229 , 246 , 255 
1220,발곡고등학교, 261 , 274 , 269 
1221,능동고등학교, 272 , 267 , 314 
1222,광동고등학교, 350 , 329 , 371 
1223,효명고등학교, 274 , 274 , 293 
1224,이의고등학교, 332 , 306 , 366 
1225,송양고등학교, 310 , 324 , 352 
1226,옥정고등학교, 322 , 298 , 282 
1227,청북고등학교, 271 , 234 , 266 
1228,도래울고등학교, 267 , 229 , 242 
1229,동탄중앙고등학교, 337 , 321 , 376 
1230,화성반월고등학교, 296 , 281 , 335 
1231,미사고등학교, 223 , 205 , 204 
1232,용인삼계고등학교, 213 , 222 , 231 
1233,풍산고등학교, 220 , 206 , 208 
1234,서천고등학교, 263 , 221 , 256 
1235,경기체육고등학교, 104 , 81 , 90 
1236,경기과학고등학교, 126 , 127 , 127 
1237,경기북과학고등학교, 101 , 104 , 68 
1238,경기예술고등학교, 248 , 241 , 234 
1239,고양예술고등학교, 286 , 264 , 259 
1240,계원예술고등학교, 327 , 317 , 321 
1241,안양예술고등학교, 311 , 266 , 285 
1242,수원외국어고등학교, 216 , 204 , 209 
1243,동두천외국어고등학교, 214 , 192 , 204 
1244,성남외국어고등학교, 213 , 211 , 205 
1245,고양외국어고등학교, 244 , 235 , 255 
1246,김포외국어고등학교, 183 , 166 , 175 
1247,과천외국어고등학교, 224 , 216 , 240 
1248,안양외국어고등학교, 232 , 221 , 240 
1249,경기외국어고등학교, 204 , 200 , 204 
1250,동탄국제고등학교, 206 , 192 , 192 
1251,고양국제고등학교, 204 , 200 , 189 
1252,청심국제고등학교, 105 , 103 , 101 
1253,한겨레고등학교, 22 , 21 , 46 
1254,고양고등학교, 199 , 190 , 205 
1255,발안바이오과학고등학교, 106 , 97 , 99 
1256,수원농생명과학고등학교, 295 , 274 , 272 
1257,여주자영농업고등학교, 143 , 154 , 146 
1258,용인바이오고등학교, 50 , 40 , 75 
1259,일죽고등학교, 41 , 49 , 48 
1260,군자디지털과학고등학교, 151 , 178 , 212 
1261,김포제일공업고등학교, 250 , 203 , 230 
1262,남양주공업고등학교, 152 , 190 , 193 
1263,부천공업고등학교, 211 , 278 , 374 
1264,산본공업고등학교, 100 , 84 , 99 
1265,성남테크노과학고등학교, 167 , 166 , 215 
1266,수원정보과학고등학교, 256 , 248 , 250 
1267,시화공업고등학교, 101 , 84 , 149 
1268,안양공업고등학교, 177 , 210 , 297 
1269,양영디지털고등학교, 190 , 189 , 169 
1270,양평전자과학고등학교, 68 , 70 , 107 
1271,의정부공업고등학교, 371 , 390 , 446 
1272,일산고등학교, 250 , 264 , 252 
1273,경기영상과학고등학교, 253 , 255 , 257 
1274,수원하이텍고등학교, 163 , 159 , 154 
1275,평촌공업고등학교, 304 , 278 , 290 
1276,평택기계공업고등학교, 175 , 156 , 151 
1277,한국도예고등학교, 76 , 74 , 68 
1278,한국애니메이션고등학교, 100 , 95 , 100 
1279,경민IT고등학교, 199 , 207 , 208 
1280,광명공업고등학교, 63 , 82 , 57 
1281,동일공업고등학교, 282 , 284 , 317 
1282,삼일공업고등학교, 370 , 385 , 381 
1283,홍익디자인고등학교, 113 , 101 , 105 
1284,수원공업고등학교, 426 , 409 , 426 
1285,한봄고등학교, 269 , 219 , 241 
1286,안산공업고등학교, 376 , 378 , 393 
1287,두원공업고등학교, 223 , 232 , 261 
1288,세경고등학교, 279 , 292 , 288 
1289,경기자동차과학고등학교, 240 , 229 , 216 
1290,이천세무고등학교, 50 , 44 , 48 
1291,경기글로벌통상고등학교, 48 , 99 , 163 
1292,광명경영회계고등학교, 193 , 177 , 138 
1293,군포e비즈니스고등학교, 175 , 141 , 213 
1294,경기모바일과학고등학교, 215 , 243 , 248 
1295,경기국제통상고등학교, 310 , 307 , 286 
1296,부천정보산업고등학교, 258 , 278 , 287 
1297,분당경영고등학교, 229 , 232 , 262 
1298,성남금융고등학교, 134 , 164 , 259 
1299,신일비즈니스고등학교, 192 , 164 , 289 
1300,경기물류고등학교, 159 , 154 , 153 
1301,영북고등학교, 53 , 51 , 47 
1302,오산정보고등학교, 247 , 220 , 258 
1303,일산국제컨벤션고등학교, 301 , 242 , 283 
1304,경기세무고등학교, 27 , 25 , 23 
1305,평촌경영고등학교, 334 , 318 , 316 
1306,하남경영고등학교, 191 , 242 , 264 
1307,경민비즈니스고등학교, 226 , 194 , 229 
1308,경일관광경영고등학교, 287 , 294 , 306 
1309,경화여자English Business고등학교, 124 , 141 , 144 
1310,근명여자정보고등학교, 231 , 183 , 234 
1311,한국문화영상고등학교, 200 , 200 , 202 
1312,매향여자정보고등학교, 335 , 326 , 328 
1313,삼일상업고등학교, 335 , 333 , 323 
1314,성보경영고등학교, 380 , 359 , 382 
1315,성일정보고등학교, 371 , 363 , 365 
1316,안산국제비즈니스고등학교, 290 , 243 , 228 
1317,안양여자상업고등학교, 169 , 182 , 191 
1318,덕영고등학교, 242 , 221 , 252 
1319,안산디자인문화고등학교, 326 , 333 , 346 
1320,경기경영고등학교, 256 , 240 , 243 
1321,경기관광고등학교, 103 , 103 , 91 
1322,청담고등학교, 217 , 241 , 245 
1323,한국관광고등학교, 85 , 82 , 89 
1324,한국디지털미디어고등학교, 208 , 199 , 214 
1325,한국외식과학고등학교, 120 , 115 , 107 
1326,한국조리과학고등학교, 244 , 246 , 238 
1327,곤지암고등학교, 131 , 119 , 164 
1328,광주중앙고등학교, 385 , 361 , 459 
1329,금곡고등학교, 306 , 284 , 294 
1330,남양고등학교, 168 , 165 , 181 
1331,대부고등학교, 21 , 32 , 35 
1332,동두천중앙고등학교, 195 , 160 , 188 
1333,문산제일고등학교, 273 , 273 , 284 
1334,백암고등학교, 81 , 96 , 96 
1335,양평고등학교, 190 , 186 , 199 
1336,연천고등학교, 47 , 57 , 76 
1337,이천제일고등학교, 394 , 408 , 399 
1338,일동고등학교, 93 , 71 , 107 
1339,전곡고등학교, 205 , 246 , 266 
1340,조종고등학교, 48 , 59 , 74 
1341,죽산고등학교, 31 , 34 , 45 
1342,평택여자고등학교, 365 , 326 , 353 
1343,포천일고등학교, 149 , 189 , 255 
1344,하성고등학교, 96 , 84 , 87 
1345,광탄고등학교, 99 , 91 , 96 
1346,문산수억고등학교, 242 , 235 , 260 
1347,비봉고등학교, 242 , 208 , 260 
1348,가온고등학교, 295 , 281 , 311 
1349,안중고등학교, 170 , 167 , 219 
1350,양동고등학교, 71 , 61 , 73 
1351,양서고등학교, 230 , 214 , 234 
1352,여주제일고등학교, 138 , 163 , 176 
1353,용문고등학교, 138 , 132 , 162 
1354,은혜고등학교, 268 , 251 , 277 
1355,다산고등학교, 209 , 214 , 222 
1356,부원고등학교, 121 , 132 , 156 
1357,진위고등학교, 113 , 139 , 173 
1358,통진고등학교, 266 , 234 , 256 
1359,파주여자고등학교, 81 , 62 , 114 
1360,강원대학교사범대학부설고등학교, 241 , 250 , 275 
1361,가곡고등학교, 1 , 1 , 5 
1362,간동고등학교, 9 , 16 , 14 
1363,갑천고등학교, 13 , 19 , 21 
1364,강릉제일고등학교, 164 , 159 , 193 
1365,강릉고등학교, 178 , 184 , 223 
1366,강릉여자고등학교, 261 , 257 , 290 
1367,경포고등학교, 201 , 195 , 220 
1368,고성고등학교, 84 , 70 , 93 
1369,기린고등학교, 46 , 24 , 34 
1370,대화고등학교, 30 , 32 , 42 
1371,김화고등학교, 53 , 73 , 66 
1372,내면고등학교, 8 , 12 , 12 
1373,대진고등학교, 6 , 7 , 4 
1374,둔내고등학교, 21 , 16 , 10 
1375,마차고등학교, 10 , 8 , 17 
1376,묵호고등학교, 178 , 156 , 185 
1377,봉평고등학교, 34 , 38 , 42 
1378,봉의고등학교, 271 , 282 , 314 
1379,북원여자고등학교, 343 , 348 , 372 
1380,문막고등학교, 81 , 68 , 56 
1381,북평고등학교, 194 , 184 , 221 
1382,사북고등학교, 40 , 36 , 54 
1383,삼척여자고등학교, 163 , 168 , 166 
1384,북평여자고등학교, 168 , 167 , 189 
1385,사내고등학교, 36 , 35 , 40 
1386,신철원고등학교, 91 , 108 , 107 
1387,삼척고등학교, 115 , 155 , 135 
1388,양구여자고등학교, 71 , 67 , 82 
1389,양구고등학교, 68 , 74 , 83 
1390,상동고등학교, 4 , 1 , 1 
1391,서석고등학교, 17 , 18 , 29 
1392,속초고등학교, 250 , 246 , 297 
1393,속초여자고등학교, 250 , 239 , 292 
1394,신남고등학교, 21 , 15 , 18 
1395,안흥고등학교, 17 , 5 , 7 
1396,양양고등학교, 168 , 140 , 172 
1397,인제고등학교, 52 , 60 , 69 
1398,여량고등학교, 4 , 2 , 16 
1399,영월고등학교, 92 , 91 , 117 
1400,원덕고등학교, 11 , 10 , 22 
1401,원주고등학교, 314 , 308 , 344 
1402,원주여자고등학교, 312 , 312 , 349 
1403,원통고등학교, 67 , 47 , 91 
1404,임계고등학교, 8 , 11 , 23 
1405,진부고등학교, 54 , 66 , 72 
1406,장성여자고등학교, 122 , 114 , 133 
1407,정선고등학교, 90 , 84 , 100 
1408,철원여자고등학교, 92 , 104 , 104 
1409,주문진고등학교, 95 , 91 , 97 
1410,철암고등학교, 6 , 14 , 9 
1411,철원고등학교, 94 , 98 , 102 
1412,춘천고등학교, 261 , 267 , 310 
1413,춘천여자고등학교, 289 , 303 , 333 
1414,치악고등학교, 285 , 286 , 332 
1415,평창고등학교, 98 , 87 , 95 
1416,하장고등학교, 6 , 3 , 3 
1417,홍천고등학교, 184 , 189 , 212 
1418,홍천여자고등학교, 185 , 194 , 213 
1419,화천고등학교, 69 , 72 , 62 
1420,횡성여자고등학교, 111 , 119 , 115 
1421,황지고등학교, 143 , 144 , 157 
1422,횡성고등학교, 115 , 120 , 113 
1423,강릉명륜고등학교, 176 , 182 , 220 
1424,강원고등학교, 206 , 216 , 237 
1425,강일여자고등학교, 252 , 250 , 282 
1426,대성고등학교, 280 , 286 , 323 
1427,동해삼육고등학교, 50 , 41 , 37 
1428,민족사관고등학교, 156 , 156 , 146 
1429,상지여자고등학교, 304 , 302 , 335 
1430,삼일고등학교, 73 , 72 , 68 
1431,성수고등학교, 206 , 208 , 241 
1432,원주삼육고등학교, 114 , 108 , 120 
1433,유봉여자고등학교, 259 , 266 , 295 
1434,육민관고등학교, 286 , 284 , 320 
1435,전인고등학교, 31 , 30 , 21 
1436,팔렬고등학교, 10 , 17 , 13 
1437,진광고등학교, 282 , 281 , 315 
1438,강원체육고등학교, 81 , 82 , 64 
1439,강원과학고등학교, 59 , 59 , 48 
1440,강원예술고등학교, 69 , 68 , 75 
1441,강원외국어고등학교, 123 , 114 , 117 
1442,현천고등학교, 45 , 43 , 44 
1443,홍천농업고등학교, 91 , 79 , 55 
1444,강원애니고등학교, 62 , 55 , 59 
1445,삼척마이스터고등학교, 80 , 76 , 74 
1446,김화공업고등학교, 28 , 41 , 39 
1447,영월공업고등학교, 32 , 33 , 51 
1448,원주공업고등학교, 292 , 282 , 308 
1449,춘천기계공업고등학교, 334 , 357 , 373 
1450,태백기계공업고등학교, 61 , 83 , 120 
1451,도계전산정보고등학교, 6 , 20 , 19 
1452,동해상업고등학교, 90 , 80 , 70 
1453,원주금융회계고등학교, 25 , 25 , 24 
1454,황지정보산업고등학교, 35 , 49 , 29 
1455,강원생활과학고등학교, 71 , 64 , 60 
1456,강릉중앙고등학교, 240 , 210 , 201 
1457,거진정보공업고등학교, 5 , 24 , 20 
1458,동광산업과학고등학교, 57 , 73 , 60 
1459,원주의료고등학교, 120 , 117 , 113 
1460,영서고등학교, 296 , 240 , 302 
1461,정선정보공업고등학교, 49 , 62 , 77 
1462,강릉정보공업고등학교, 96 , 101 , 127 
1463,소양고등학교, 129 , 78 , 91 
1464,춘천한샘고등학교, 201 , 191 , 244 
1465,화천정보산업고등학교, 40 , 48 , 47 
1466,고한고등학교, 3 , 16 , 18 
1467,도계고등학교, 40 , 38 , 42 
1468,설악고등학교, 253 , 258 , 296 
1469,양양여자고등학교, - , - , - 
1470,주천고등학교, 44 , 30 , 32 
1471,함백고등학교, 33 , 26 , 23 
1472,강릉문성고등학교, 236 , 239 , 258 
1473,상지대관령고등학교, 34 , 36 , 41 
1474,동해광희고등학교, 240 , 237 , 265 
1475,석정여자고등학교, 91 , 116 , 125 
1476,성수여자고등학교, 176 , 181 , 196 
1477,충북대학교사범대학부설고등학교, 179 , 171 , 192 
1478,금천고등학교, 268 , 260 , 323 
1479,상당고등학교, 268 , 259 , 278 
1480,청주고등학교, 345 , 319 , 361 
1481,청주여자고등학교, 292 , 281 , 355 
1482,청주중앙여자고등학교, 290 , 283 , 323 
1483,충북고등학교, 246 , 258 , 289 
1484,국원고등학교, 130 , 123 , 157 
1485,세광고등학교, 261 , 258 , 311 
1486,양청고등학교, 226 , 212 , 249 
1487,청주신흥고등학교, 267 , 251 , 317 
1488,운호고등학교, 263 , 250 , 319 
1489,일신여자고등학교, 294 , 281 , 336 
1490,제천제일고등학교, 182 , 183 , 206 
1491,청석고등학교, 262 , 252 , 311 
1492,충북여자고등학교, 262 , 252 , 272 
1493,주덕고등학교, 24 , 18 , 7 
1494,충주고등학교, 218 , 204 , 243 
1495,충주여자고등학교, 225 , 223 , 249 
1496,충주예성여자고등학교, 214 , 206 , 238 
1497,충주대원고등학교, 224 , 229 , 257 
1498,충주중산고등학교, 176 , 173 , 226 
1499,충원고등학교, 95 , 93 , 90 
1500,제천고등학교, 190 , 199 , 233 
1501,학산고등학교, 19 , 7 , 16 
1502,제천여자고등학교, 192 , 202 , 251 
1503,세명고등학교, 188 , 197 , 253 
1504,한국교원대학교부설고등학교, 117 , 97 , 122 
1505,오창고등학교, 127 , 117 , 97 
1506,양업고등학교, 40 , 40 , 40 
1507,보은여자고등학교, 47 , 50 , 52 
1508,보은고등학교, 88 , 95 , 120 
1509,옥천고등학교, 205 , 192 , 254 
1510,청산고등학교, 25 , 26 , 26 
1511,영동고등학교, 143 , 148 , 158 
1512,황간고등학교, 23 , 24 , 51 
1513,진천고등학교, 146 , 149 , 195 
1514,광혜원고등학교, 100 , 105 , 107 
1515,괴산고등학교, 107 , 105 , 130 
1516,목도고등학교, 25 , 18 , 20 
1517,형석고등학교, 100 , 101 , 120 
1518,음성고등학교, 148 , 173 , 213 
1519,대금고등학교, 149 , 162 , 180 
1520,단양고등학교, 122 , 135 , 161 
1521,청주대성고등학교, 259 , 255 , 277 
1522,주성고등학교, 262 , 262 , 291 
1523,흥덕고등학교, 299 , 288 , 308 
1524,서원고등학교, 260 , 292 , 325 
1525,매괴고등학교, 122 , 136 , 179 
1526,봉명고등학교, 240 , 235 , 253 
1527,산남고등학교, 269 , 262 , 307 
1528,청원고등학교, 228 , 210 , 233 
1529,오송고등학교, 226 , 206 , 223 
1530,서전고등학교, 179 , 165 , 166 
1531,충북체육고등학교, 96 , 82 , 77 
1532,충북과학고등학교, 55 , 54 , 30 
1533,충북예술고등학교, 94 , 101 , 95 
1534,청주외국어고등학교, 187 , 189 , 183 
1535,청주농업고등학교, 270 , 283 , 279 
1536,충북생명산업고등학교, 82 , 80 , 88 
1537,영동산업과학고등학교, 49 , 56 , 63 
1538,한국바이오마이스터고등학교, 129 , 113 , 98 
1539,청주공업고등학교, 369 , 396 , 418 
1540,청주하이텍고등학교, 158 , 164 , 169 
1541,충북공업고등학교, 308 , 322 , 339 
1542,충주공업고등학교, 166 , 174 , 212 
1543,제천디지털전자고등학교, 74 , 69 , 91 
1544,제천산업고등학교, 113 , 112 , 143 
1545,충북에너지고등학교, 83 , 112 , 77 
1546,증평공업고등학교, 146 , 93 , 91 
1547,충북반도체고등학교, 121 , 117 , 103 
1548,충북상업정보고등학교, 199 , 215 , 250 
1549,대성여자상업고등학교, 261 , 268 , 278 
1550,청주여자상업고등학교, 214 , 223 , 221 
1551,충북산업과학고등학교, 87 , 97 , 105 
1552,충주상업고등학교, 159 , 164 , 190 
1553,한림디자인고등학교, 183 , 176 , 218 
1554,제천상업고등학교, 138 , 136 , 154 
1555,현도정보고등학교, 189 , 140 , 192 
1556,보은정보고등학교, 16 , 28 , 41 
1557,영동인터넷고등학교, 85 , 96 , 96 
1558,진천상업고등학교, 95 , 102 , 109 
1559,증평정보고등학교, 130 , 112 , 108 
1560,한국호텔관광고등학교, 65 , 66 , 56 
1561,공주대학교사범대학부설고등학교, 170 , 179 , 180 
1562,공주영명고등학교, 140 , 145 , 145 
1563,한마음고등학교, 16 , 22 , 21 
1564,공동체비전고등학교, 40 , 38 , 33 
1565,갈산고등학교, 71 , 51 , 71 
1566,배방고등학교, 405 , 366 , 393 
1567,충남삼성고등학교, 337 , 365 , 337 
1568,강경고등학교, 70 , 59 , 68 
1569,공주고등학교, 198 , 204 , 199 
1570,공주여자고등학교, 171 , 156 , 195 
1571,금산고등학교, 110 , 106 , 137 
1572,금산여자고등학교, 118 , 119 , 122 
1573,논산고등학교, 93 , 99 , 115 
1574,논산여자고등학교, 124 , 120 , 134 
1575,당진고등학교, 240 , 247 , 279 
1576,대천고등학교, 178 , 178 , 214 
1577,덕산고등학교, 99 , 73 , 72 
1578,대천여자고등학교, 175 , 186 , 213 
1579,만리포고등학교, 30 , 41 , 40 
1580,서산여자고등학교, 247 , 246 , 306 
1581,천안불당고등학교, 343 , 343 , 362 
1582,목천고등학교, 93 , 91 , 99 
1583,부석고등학교, 121 , 134 , 147 
1584,부여고등학교, 160 , 181 , 197 
1585,부여여자고등학교, 146 , 137 , 145 
1586,서산고등학교, 125 , 86 , 110 
1587,온양여자고등학교, 348 , 306 , 349 
1588,서천고등학교, 115 , 115 , 130 
1589,서천여자고등학교, 91 , 88 , 100 
1590,성환고등학교, 135 , 130 , 164 
1591,안면고등학교, 60 , 60 , 61 
1592,예산여자고등학교, 139 , 120 , 148 
1593,온양고등학교, 359 , 327 , 363 
1594,용남고등학교, 299 , 267 , 286 
1595,웅천고등학교, 64 , 64 , 67 
1596,정산고등학교, 62 , 60 , 48 
1597,천안여자고등학교, 370 , 334 , 417 
1598,천안중앙고등학교, 403 , 401 , 444 
1599,공주금성여자고등학교, 167 , 153 , 192 
1600,태안고등학교, 142 , 139 , 150 
1601,합덕여자고등학교, 15 , 9 , 32 
1602,홍성고등학교, 271 , 256 , 278 
1603,천안두정고등학교, 405 , 415 , 453 
1604,천안오성고등학교, 372 , 370 , 424 
1605,홍성여자고등학교, 156 , 157 , 170 
1606,천안월봉고등학교, 383 , 377 , 432 
1607,천안쌍용고등학교, 414 , 407 , 458 
1608,온양용화고등학교, 346 , 273 , 328 
1609,천안신당고등학교, 242 , 219 , 227 
1610,계룡고등학교, 207 , 169 , 196 
1611,천안업성고등학교, 294 , 269 , 312 
1612,건양대학교병설건양고등학교, 93 , 74 , 97 
1613,광천고등학교, 45 , 36 , 23 
1614,서해삼육고등학교, 70 , 55 , 60 
1615,논산대건고등학교, 202 , 206 , 219 
1616,삽교고등학교, 111 , 114 , 120 
1617,대흥고등학교, 48 , 45 , 44 
1618,복자여자고등학교, 248 , 233 , 281 
1619,설화고등학교, 385 , 341 , 396 
1620,서령고등학교, 244 , 258 , 296 
1621,서야고등학교, 89 , 78 , 97 
1622,송악고등학교, 135 , 135 , 156 
1623,신평고등학교, 170 , 162 , 192 
1624,온양한올고등학교, 334 , 322 , 351 
1625,쌘뽈여자고등학교, 152 , 150 , 166 
1626,대산고등학교, 154 , 159 , 173 
1627,아산고등학교, 360 , 290 , 354 
1628,연무고등학교, 138 , 143 , 156 
1629,천안청수고등학교, 377 , 378 , 424 
1630,예산고등학교, 187 , 182 , 194 
1631,장항고등학교, 68 , 68 , 93 
1632,서일고등학교, 151 , 164 , 184 
1633,태안여자고등학교, 198 , 194 , 202 
1634,천안고등학교, 309 , 302 , 341 
1635,북일고등학교, 319 , 336 , 344 
1636,북일여자고등학교, 251 , 241 , 271 
1637,한일고등학교, 142 , 139 , 143 
1638,호서고등학교, 291 , 300 , 343 
1639,홍주고등학교, 209 , 208 , 225 
1640,충남체육고등학교, 80 , 64 , 64 
1641,충남과학고등학교, 78 , 72 , 50 
1642,충남디자인예술고등학교, 60 , 48 , 51 
1643,충남예술고등학교, 150 , 144 , 140 
1644,충남외국어고등학교, 137 , 130 , 160 
1645,공주생명과학고등학교, 121 , 141 , 156 
1646,금산산업고등학교, 58 , 49 , 72 
1647,서산중앙고등학교, 222 , 225 , 248 
1648,주산산업고등학교, 66 , 57 , 63 
1649,천안제일고등학교, 246 , 205 , 283 
1650,청양고등학교, 146 , 146 , 154 
1651,한국식품마이스터고등학교, 60 , 52 , 57 
1652,홍성공업고등학교, 64 , 62 , 67 
1653,논산공업고등학교, 114 , 120 , 160 
1654,아산전자기계고등학교, 113 , 98 , 116 
1655,부여전자고등학교, 36 , 33 , 39 
1656,연무대기계공업고등학교, 96 , 92 , 90 
1657,예산전자공업고등학교, 91 , 103 , 127 
1658,서산공업고등학교, 126 , 114 , 133 
1659,공주마이스터고등학교, 79 , 77 , 76 
1660,장항공업고등학교, 52 , 55 , 59 
1661,금산하이텍고등학교, 46 , 55 , 58 
1662,천안공업고등학교, 397 , 394 , 447 
1663,합덕제철고등학교, 98 , 85 , 100 
1664,강경상업고등학교, 90 , 93 , 93 
1665,광천제일고등학교, 24 , 20 , 74 
1666,당진정보고등학교, 230 , 196 , 236 
1667,대천여자상업고등학교, 116 , 97 , 114 
1668,부여정보고등학교, 65 , 52 , 70 
1669,충남인터넷고등학교, 41 , 47 , 47 
1670,공주정보고등학교, 61 , 74 , 79 
1671,논산여자상업고등학교, 129 , 132 , 134 
1672,서천여자정보고등학교, 25 , 21 , 25 
1673,예산예화여자고등학교, 118 , 113 , 112 
1674,천안상업고등학교, 318 , 317 , 353 
1675,천안여자상업고등학교, 322 , 307 , 400 
1676,충남해양과학고등학교, 84 , 83 , 92 
1677,병천고등학교, 160 , 152 , 153 
1678,부안여자고등학교, 87 , 91 , 147 
1679,전북대학교사범대학부설고등학교, 244 , 228 , 266 
1680,원광정보예술고등학교, 152 , 150 , 162 
1681,지평선고등학교, 40 , 34 , 33 
1682,고산고등학교, 41 , 42 , 36 
1683,고창고등학교, 134 , 148 , 170 
1684,김제고등학교, 32 , 23 , 32 
1685,군산고등학교, 219 , 242 , 228 
1686,한들고등학교, 60 , 34 , 75 
1687,김제여자고등학교, 108 , 122 , 105 
1688,군산동고등학교, 208 , 225 , 221 
1689,군산여자고등학교, 321 , 309 , 334 
1690,남원고등학교, 131 , 128 , 157 
1691,마령고등학교, 15 , 17 , 11 
1692,남원여자고등학교, 124 , 138 , 158 
1693,동계고등학교, 6 , 8 , 9 
1694,부안고등학교, 124 , 142 , 144 
1695,무풍고등학교, 5 , 4 , 5 
1696,서림고등학교, 54 , 52 , 12 
1697,산서고등학교, 5 , 5 , 12 
1698,한별고등학교, 96 , 107 , 123 
1699,설천고등학교, 21 , 20 , 39 
1700,안천고등학교, 3 , 3 , 6 
1701,순창제일고등학교, 91 , 87 , 96 
1702,위도고등학교, 2 , 2 , 3 
1703,안성고등학교, 31 , 32 , 34 
1704,여산고등학교, 14 , 11 , 15 
1705,이리고등학교, 340 , 331 , 356 
1706,이리여자고등학교, 220 , 215 , 219 
1707,인월고등학교, 17 , 18 , 22 
1708,임실고등학교, 67 , 66 , 72 
1709,전라고등학교, 296 , 310 , 318 
1710,장수고등학교, 68 , 71 , 76 
1711,이리남성여자고등학교, 207 , 206 , 210 
1712,전주고등학교, 360 , 373 , 384 
1713,전주솔내고등학교, 305 , 299 , 338 
1714,전주여자고등학교, 288 , 257 , 295 
1715,전주제일고등학교, 283 , 278 , 306 
1716,정읍여자고등학교, 132 , 142 , 147 
1717,정읍고등학교, 81 , 97 , 108 
1718,진안제일고등학교, 48 , 52 , 51 
1719,함열고등학교, 11 , 4 , 28 
1720,한국전통문화고등학교, 82 , 71 , 78 
1721,해리고등학교, 7 , 6 , 12 
1722,군산제일고등학교, 262 , 285 , 269 
1723,전주근영여자고등학교, 295 , 291 , 328 
1724,고창북고등학교, 105 , 98 , 111 
1725,전주기전여자고등학교, 250 , 250 , 300 
1726,고창여자고등학교, 98 , 131 , 160 
1727,김제서고등학교, 6 , 16 , 23 
1728,남성고등학교, 244 , 280 , 321 
1729,군산중앙여자고등학교, 317 , 303 , 339 
1730,남원서진여자고등학교, 106 , 117 , 128 
1731,동국대학교사범대학부속금산고등학교, 15 , 19 , 49 
1732,덕암고등학교, 153 , 152 , 189 
1733,동암고등학교, 260 , 262 , 269 
1734,만경고등학교, 27 , 29 , 29 
1735,백산고등학교, 64 , 61 , 69 
1736,남원국악예술고등학교, 73 , 58 , 71 
1737,상산고등학교, 366 , 361 , 370 
1738,전주성심여자고등학교, 274 , 271 , 324 
1739,성원고등학교, 95 , 104 , 134 
1740,만경여자고등학교, 16 , 7 , 17 
1741,배영고등학교, 110 , 118 , 131 
1742,성일고등학교, 66 , 40 , 73 
1743,세인고등학교, 62 , 62 , 59 
1744,순창고등학교, 107 , 115 , 113 
1745,백화여자고등학교, 31 , 22 , 37 
1746,전주신흥고등학교, 292 , 304 , 311 
1747,신태인고등학교, 32 , 39 , 44 
1748,군산영광여자고등학교, 245 , 231 , 262 
1749,전주영생고등학교, 270 , 257 , 280 
1750,전주대학교사범대학부설고등학교, 250 , 221 , 265 
1751,완산고등학교, 209 , 205 , 220 
1752,영선고등학교, 38 , 63 , 73 
1753,완주고등학교, 155 , 87 , 163 
1754,우석고등학교, 268 , 292 , 316 
1755,전북여자고등학교, 266 , 242 , 309 
1756,원광고등학교, 327 , 316 , 344 
1757,왕신여자고등학교, 9 , 11 , 16 
1758,원광여자고등학교, 211 , 196 , 205 
1759,유일여자고등학교, 269 , 241 , 293 
1760,이일여자고등학교, 212 , 204 , 208 
1761,인상고등학교, 28 , 17 , 42 
1762,전북제일고등학교, 233 , 231 , 241 
1763,전일고등학교, 259 , 261 , 270 
1764,익산고등학교, 131 , 135 , 135 
1765,전주중앙여자고등학교, 263 , 243 , 296 
1766,정주고등학교, 133 , 143 , 153 
1767,군산중앙고등학교, 210 , 199 , 262 
1768,서영여자고등학교, 133 , 142 , 152 
1769,전주한일고등학교, 280 , 275 , 301 
1770,전주해성고등학교, 208 , 209 , 221 
1771,푸른꿈고등학교, 40 , 38 , 37 
1772,호남고등학교, 133 , 146 , 153 
1773,태인고등학교, 42 , 46 , 45 
1774,한국마사고등학교, 12 , 20 , 28 
1775,함열여자고등학교, 136 , 111 , 168 
1776,양현고등학교, 291 , 313 , 294 
1777,무주고등학교, 89 , 96 , 104 
1778,호남제일고등학교, 278 , 278 , 308 
1779,전북체육고등학교, 79 , 86 , 72 
1780,전북과학고등학교, 61 , 64 , 35 
1781,전주예술고등학교, 146 , 179 , 198 
1782,전북외국어고등학교, 165 , 152 , 153 
1783,한국한방고등학교, 52 , 46 , 45 
1784,김제농생명마이스터고등학교, 94 , 89 , 92 
1785,남원용성고등학교, 67 , 72 , 59 
1786,부안제일고등학교, 28 , 29 , 62 
1787,한국치즈과학고등학교, 47 , 38 , 52 
1788,한국경마축산고등학교, 38 , 32 , 39 
1789,전주생명과학고등학교, 232 , 246 , 271 
1790,정읍제일고등학교, 53 , 71 , 71 
1791,전북기계공업고등학교, 264 , 237 , 257 
1792,군산기계공업고등학교, 145 , 139 , 135 
1793,삼례공업고등학교, 91 , 107 , 201 
1794,오수고등학교, 11 , 11 , 20 
1795,이리공업고등학교, 250 , 329 , 366 
1796,장계공업고등학교, 17 , 32 , 28 
1797,전주공업고등학교, 297 , 310 , 345 
1798,줄포자동차공업고등학교, 43 , 45 , 46 
1799,진안공업고등학교, 86 , 42 , 71 
1800,칠보고등학교, 2 , 6 , 7 
1801,강호항공고등학교, 179 , 184 , 191 
1802,한국게임과학고등학교, 66 , 60 , 45 
1803,군산상업고등학교, 145 , 174 , 260 
1804,군산여자상업고등학교, 215 , 189 , 266 
1805,전주상업정보고등학교, 186 , 192 , 225 
1806,덕암정보고등학교, 170 , 163 , 196 
1807,완산여자고등학교, 104 , 107 , 147 
1808,진경여자고등학교, 105 , 95 , 143 
1809,남원제일고등학교, 58 , 69 , 94 
1810,학산고등학교, 136 , 119 , 148 
1811,목포고등학교, 178 , 169 , 178 
1812,목포여자고등학교, 179 , 168 , 187 
1813,목포제일여자고등학교, 181 , 173 , 200 
1814,여수고등학교, 215 , 217 , 250 
1815,여수여자고등학교, 219 , 213 , 238 
1816,순천고등학교, 250 , 244 , 298 
1817,순천여자고등학교, 249 , 228 , 295 
1818,나주고등학교, 147 , 146 , 164 
1819,봉황고등학교, 147 , 118 , 115 
1820,여천고등학교, 215 , 221 , 276 
1821,부영여자고등학교, 244 , 236 , 260 
1822,광양백운고등학교, 189 , 212 , 213 
1823,광양고등학교, 193 , 172 , 193 
1824,광양여자고등학교, 175 , 183 , 206 
1825,여수화양고등학교, 101 , 81 , 114 
1826,여남고등학교, 19 , 24 , 23 
1827,담양고등학교, 90 , 101 , 105 
1828,곡성고등학교, 95 , 109 , 123 
1829,구례고등학교, 78 , 92 , 103 
1830,고흥고등학교, 133 , 142 , 144 
1831,녹동고등학교, 73 , 97 , 97 
1832,보성고등학교, 70 , 61 , 103 
1833,화순고등학교, 231 , 255 , 284 
1834,장흥고등학교, 133 , 125 , 156 
1835,장흥관산고등학교, 28 , 30 , 36 
1836,강진고등학교, 130 , 133 , 146 
1837,성전고등학교, 18 , 14 , 24 
1838,해남고등학교, 201 , 217 , 220 
1839,영암고등학교, 88 , 78 , 85 
1840,영암낭주고등학교, 42 , 31 , 48 
1841,영광고등학교, 108 , 117 , 128 
1842,완도고등학교, 136 , 163 , 179 
1843,완도금일고등학교, 13 , 9 , 11 
1844,약산고등학교, 18 , 9 , 22 
1845,도초고등학교, 65 , 70 , 70 
1846,목상고등학교, 178 , 169 , 177 
1847,문향고등학교, 86 , 91 , 108 
1848,화순이양고등학교, 30 , 37 , 41 
1849,무안고등학교, 172 , 172 , 177 
1850,삼호고등학교, 136 , 140 , 147 
1851,고금고등학교, 21 , 13 , 16 
1852,노화고등학교, 32 , 35 , 17 
1853,지명고등학교, 13 , 15 , 16 
1854,하의고등학교, 6 , 5 , 10 
1855,조도고등학교, 8 , 16 , 15 
1856,순천제일고등학교, 195 , 193 , 211 
1857,여수충무고등학교, 208 , 210 , 239 
1858,중마고등학교, 191 , 205 , 210 
1859,순천팔마고등학교, 204 , 194 , 216 
1860,남악고등학교, 224 , 225 , 219 
1861,광영고등학교, 183 , 192 , 203 
1862,함평고등학교, 91 , 79 , 103 
1863,문태고등학교, 179 , 169 , 204 
1864,목포홍일고등학교, 202 , 189 , 201 
1865,영흥고등학교, 173 , 163 , 205 
1866,목포덕인고등학교, 176 , 163 , 199 
1867,목포마리아회고등학교, 177 , 164 , 194 
1868,목포정명여자고등학교, 200 , 194 , 215 
1869,목포혜인여자고등학교, 168 , 163 , 198 
1870,한영고등학교, 233 , 247 , 275 
1871,여수중앙여자고등학교, 212 , 205 , 268 
1872,순천매산고등학교, 246 , 243 , 291 
1873,순천금당고등학교, 242 , 253 , 295 
1874,순천효천고등학교, 244 , 225 , 302 
1875,순천매산여자고등학교, 213 , 204 , 234 
1876,순천강남여자고등학교, 207 , 191 , 236 
1877,금성고등학교, 146 , 147 , 160 
1878,광남고등학교, 20 , 15 , 30 
1879,광양제철고등학교, 281 , 291 , 324 
1880,여양고등학교, 134 , 124 , 149 
1881,창평고등학교, 207 , 205 , 227 
1882,벌교고등학교, 110 , 116 , 126 
1883,벌교여자고등학교, - , 20 , 24 
1884,예당고등학교, 53 , 60 , 70 
1885,능주고등학교, 177 , 168 , 193 
1886,화원고등학교, 43 , 45 , 49 
1887,영암여자고등학교, 86 , 99 , 112 
1888,함평학다리고등학교, 139 , 137 , 173 
1889,해룡고등학교, 181 , 185 , 215 
1890,장성고등학교, 163 , 152 , 192 
1891,진도고등학교, 99 , 109 , 135 
1892,순천복성고등학교, 204 , 205 , 229 
1893,영산고등학교, 100 , 75 , 108 
1894,옥과고등학교, 88 , 74 , 73 
1895,한빛고등학교, 65 , 69 , 65 
1896,영산성지고등학교, 13 , 22 , 21 
1897,백제고등학교, 125 , 127 , 128 
1898,한울고등학교, 23 , 22 , 28 
1899,한국바둑고등학교, 35 , 30 , 33 
1900,함평골프고등학교, 33 , 24 , 23 
1901,전남체육고등학교, 60 , 52 , 64 
1902,전남과학고등학교, 87 , 88 , 55 
1903,진도국악고등학교, 21 , 18 , 33 
1904,전남예술고등학교, 165 , 156 , 161 
1905,전남외국어고등학교, 126 , 121 , 117 
1906,호남원예고등학교, 85 , 57 , 58 
1907,전남자연과학고등학교, 58 , 52 , 61 
1908,전남생명과학고등학교, 64 , 93 , 95 
1909,한국말산업고등학교, 12 , 17 , 24 
1910,광양하이텍고등학교, 130 , 140 , 173 
1911,장성하이텍고등학교, 76 , 76 , 91 
1912,목포공업고등학교, 266 , 217 , 272 
1913,순천공업고등학교, 291 , 291 , 300 
1914,담양공업고등학교, 68 , 97 , 128 
1915,해남공업고등학교, 125 , 138 , 203 
1916,구림공업고등학교, 42 , 47 , 54 
1917,영암전자과학고등학교, 30 , 19 , 36 
1918,영광전자고등학교, 6 , 20 , 20 
1919,고흥영주고등학교, 20 , 11 , 14 
1920,고흥도화고등학교, 25 , 27 , 33 
1921,순천전자고등학교, 94 , 112 , 129 
1922,다향고등학교, 44 , 28 , 30 
1923,전남기술과학고등학교, 123 , 153 , 141 
1924,정남진산업고등학교, 54 , 69 , 82 
1925,영광공업고등학교, 89 , 95 , 98 
1926,진도실업고등학교, 60 , 74 , 67 
1927,여수석유화학고등학교, 101 , 104 , 106 
1928,여수공업고등학교, 284 , 272 , 290 
1929,나주공업고등학교, 142 , 138 , 142 
1930,한국항만물류고등학교, 100 , 96 , 95 
1931,나주상업고등학교, 64 , 64 , 59 
1932,벌교상업고등학교, 64 , 46 , 52 
1933,병영상업고등학교, 22 , 20 , 26 
1934,법성고등학교, 45 , 51 , 65 
1935,송지고등학교, 24 , 30 , 42 
1936,삼계고등학교, 43 , 44 , 41 
1937,안좌고등학교, 13 , 17 , 23 
1938,임자고등학교, 14 , 11 , 15 
1939,고흥산업과학고등학교, 101 , 105 , 89 
1940,목포여자상업고등학교, 210 , 203 , 245 
1941,목포성신고등학교, 54 , 30 , 55 
1942,여수정보과학고등학교, 258 , 286 , 298 
1943,진성여자고등학교, 150 , 144 , 191 
1944,순천효산고등학교, 213 , 211 , 201 
1945,순천청암고등학교, 261 , 243 , 270 
1946,목포중앙고등학교, 87 , 118 , 134 
1947,신안해양과학고등학교, 45 , 45 , 47 
1948,여수해양과학고등학교, 50 , 44 , 60 
1949,완도수산고등학교, 86 , 83 , 81 
1950,전남미용고등학교, 96 , 89 , 87 
1951,전남보건고등학교, 64 , 69 , 63 
1952,전남조리과학고등학교, 63 , 64 , 77 
1953,율곡고등학교, 142 , 147 , 139 
1954,사동고등학교, 263 , 253 , 297 
1955,석적고등학교, 194 , 195 , 232 
1956,가은고등학교, 19 , 20 , 18 
1957,경산고등학교, 262 , 253 , 312 
1958,경주여자고등학교, 198 , 195 , 218 
1959,계림고등학교, 114 , 118 , 123 
1960,구미고등학교, 279 , 277 , 398 
1961,구미여자고등학교, 282 , 263 , 306 
1962,군위고등학교, 89 , 98 , 97 
1963,금성고등학교, 15 , 13 , 18 
1964,금오고등학교, 276 , 241 , 304 
1965,금천고등학교, 17 , 15 , 14 
1966,포은고등학교, 22 , 12 , 16 
1967,김천여자고등학교, 131 , 105 , 164 
1968,김천중앙고등학교, 125 , 148 , 151 
1969,동명고등학교, 24 , 24 , 25 
1970,두호고등학교, 211 , 203 , 250 
1971,봉화고등학교, 93 , 91 , 100 
1972,경북일고등학교, 174 , 143 , 41 
1973,사곡고등학교, 289 , 281 , 312 
1974,상모고등학교, 286 , 267 , 328 
1975,상주여자고등학교, 132 , 120 , 145 
1976,선산고등학교, 114 , 90 , 119 
1977,선주고등학교, 284 , 278 , 312 
1978,성주고등학교, 91 , 89 , 98 
1979,수비고등학교, 14 , 9 , 17 
1980,안계고등학교, 32 , 31 , 36 
1981,영덕고등학교, 67 , 59 , 58 
1982,안동고등학교, 130 , 140 , 143 
1983,안동여자고등학교, 133 , 144 , 158 
1984,약목고등학교, 96 , 92 , 105 
1985,북삼고등학교, 195 , 195 , 234 
1986,영양고등학교, 35 , 38 , 37 
1987,영주여자고등학교, 135 , 136 , 150 
1988,영주제일고등학교, 162 , 163 , 169 
1989,영천고등학교, 117 , 112 , 126 
1990,영천여자고등학교, 93 , 88 , 120 
1991,영해고등학교, 63 , 60 , 69 
1992,예천여자고등학교, 106 , 77 , 116 
1993,울진고등학교, 135 , 139 , 148 
1994,죽변고등학교, 93 , 108 , 124 
1995,의성여자고등학교, 62 , 48 , 62 
1996,중모고등학교, - , 14 , 14 
1997,인동고등학교, 290 , 280 , 342 
1998,점촌고등학교, 110 , 136 , 136 
1999,청송고등학교, 20 , 17 , 21 
2000,포항고등학교, 207 , 196 , 235 
2001,진보고등학교, 23 , 17 , 31 
2002,포항여자고등학교, 209 , 206 , 249 
2003,포항이동고등학교, 215 , 194 , 230 
2004,현서고등학교, 20 , 19 , 26 
2005,화령고등학교, 22 , 14 , 16 
2006,효령고등학교, - , 14 , 17 
2007,후포고등학교, 61 , 86 , 84 
2008,경구고등학교, 282 , 272 , 259 
2009,경산여자고등학교, 312 , 304 , 360 
2010,경안고등학교, 124 , 126 , 148 
2011,경일고등학교, 129 , 109 , 150 
2012,경안여자고등학교, 113 , 134 , 149 
2013,경주고등학교, 203 , 212 , 229 
2014,경주화랑고등학교, 24 , 16 , 26 
2015,근화여자고등학교, 176 , 177 , 191 
2016,길원여자고등학교, 132 , 139 , 161 
2017,김천고등학교, 244 , 231 , 232 
2018,금오여자고등학교, 281 , 276 , 299 
2019,대가야고등학교, 109 , 90 , 106 
2020,대구가톨릭대학교사범대학부속무학고등학교, 208 , 198 , 253 
2021,대동고등학교, 204 , 190 , 234 
2022,대영고등학교, 89 , 87 , 104 
2023,대창고등학교, 74 , 74 , 103 
2024,도개고등학교, 142 , 130 , 127 
2025,동지여자고등학교, 208 , 189 , 233 
2026,동지고등학교, 207 , 202 , 240 
2027,모계고등학교, 113 , 114 , 108 
2028,무산고등학교, 19 , 20 , 14 
2029,문경여자고등학교, 131 , 148 , 158 
2030,문명고등학교, 152 , 148 , 179 
2031,문창고등학교, 134 , 130 , 171 
2032,문화고등학교, 198 , 205 , 223 
2033,상주고등학교, 131 , 136 , 149 
2034,선화여자고등학교, 114 , 114 , 122 
2035,성의고등학교, 119 , 116 , 123 
2036,우석여자고등학교, 132 , 122 , 143 
2037,성의여자고등학교, 111 , 112 , 128 
2038,성창여자고등학교, 68 , 33 , 82 
2039,성희여자고등학교, 111 , 116 , 144 
2040,세명고등학교, 207 , 194 , 242 
2041,세화고등학교, 85 , 78 , 82 
2042,순심고등학교, 199 , 194 , 237 
2043,순심여자고등학교, 150 , 148 , 177 
2044,선덕여자고등학교, 179 , 185 , 199 
2045,신라고등학교, 154 , 105 , 148 
2046,안강여자고등학교, 111 , 107 , 116 
2047,안동중앙고등학교, 131 , 129 , 144 
2048,영광고등학교, 133 , 140 , 148 
2049,영광여자고등학교, 155 , 159 , 177 
2050,영남삼육고등학교, 51 , 52 , 58 
2051,성주여자고등학교, 108 , 106 , 121 
2052,영덕여자고등학교, 57 , 55 , 57 
2053,영동고등학교, 133 , 138 , 144 
2054,영문고등학교, 74 , 52 , 78 
2055,영양여자고등학교, 67 , 55 , 59 
2056,영일고등학교, 167 , 160 , 231 
2057,영주고등학교, 98 , 94 , 132 
2058,영천성남여자고등학교, 90 , 82 , 94 
2059,오상고등학교, 284 , 281 , 302 
2060,오천고등학교, 189 , 191 , 223 
2061,유성여자고등학교, 208 , 190 , 238 
2062,의성고등학교, 58 , 66 , 43 
2063,이서고등학교, 134 , 140 , 147 
2064,진량고등학교, 178 , 182 , 219 
2065,청도고등학교, 91 , 97 , 104 
2066,청송여자고등학교, 17 , 28 , 30 
2067,포항영신고등학교, 159 , 145 , 183 
2068,포항제철고등학교, 364 , 370 , 391 
2069,포항장성고등학교, 211 , 196 , 241 
2070,포항중앙고등학교, 207 , 196 , 234 
2071,포항동성고등학교, 162 , 155 , 184 
2072,포항중앙여자고등학교, 204 , 192 , 223 
2073,풍산고등학교, 91 , 89 , 94 
2074,하양여자고등학교, 172 , 176 , 211 
2075,한일여자고등학교, 129 , 144 , 160 
2076,함창고등학교, 91 , 92 , 92 
2077,현일고등학교, 283 , 280 , 313 
2078,형곡고등학교, 280 , 283 , 327 
2079,경북체육고등학교, 78 , 65 , 75 
2080,경북과학고등학교, 40 , 39 , 24 
2081,경산과학고등학교, 60 , 58 , 34 
2082,김천예술고등학교, 113 , 101 , 101 
2083,포항예술고등학교, 151 , 152 , 161 
2084,경북외국어고등학교, 122 , 114 , 118 
2085,김천생명과학고등학교, 135 , 148 , 165 
2086,한국생명과학고등학교, 122 , 128 , 146 
2087,경북식품과학마이스터고등학교, 59 , 57 , 19 
2088,한국산림과학고등학교, 48 , 48 , 49 
2089,용운고등학교, 73 , 38 , 60 
2090,구미전자공업고등학교, 280 , 273 , 267 
2091,경북기계금속고등학교, 153 , 145 , 161 
2092,경주공업고등학교, 98 , 74 , 125 
2093,경주디자인고등학교, 48 , 54 , 62 
2094,금오공업고등학교, 201 , 197 , 198 
2095,문경공업고등학교, 81 , 82 , 102 
2096,상산전자고등학교, 93 , 47 , 98 
2097,경북과학기술고등학교, 92 , 108 , 116 
2098,안강전자고등학교, 49 , 26 , 27 
2099,의성공업고등학교, 55 , 33 , 43 
2100,경북드론고등학교, 92 , 47 , 31 
2101,칠곡고등학교, 75 , 71 , 20 
2102,한국원자력마이스터고등학교, 80 , 78 , 76 
2103,포항여자전자고등학교, 139 , 157 , 180 
2104,포항흥해공업고등학교, 267 , 264 , 280 
2105,금호공업고등학교, 64 , 71 , 73 
2106,상주공업고등학교, 192 , 199 , 218 
2107,신라공업고등학교, 212 , 213 , 231 
2108,경북하이텍고등학교, 143 , 147 , 151 
2109,경북항공고등학교, 100 , 101 , 109 
2110,영천전자고등학교, 72 , 55 , 71 
2111,청송자동차고등학교, 11 , 16 , 12 
2112,포항제철공업고등학교, 187 , 174 , 181 
2113,감포고등학교, - , - , 12 
2114,강구정보고등학교, 18 , 15 , 13 
2115,구미정보고등학교, 139 , 123 , 154 
2116,구미여자상업고등학교, 175 , 171 , 173 
2117,금성여자상업고등학교, - , - , - 
2118,김천상업고등학교, - , - , - 
2119,봉양정보고등학교, 14 , 15 , 14 
2120,경주마케팅고등학교, - , - , - 
2121,평해정보고등학교, 29 , 23 , 19 
2122,한국펫고등학교, 49 , 26 , 40 
2123,경산여자상업고등학교, 126 , 118 , 133 
2124,경주정보고등학교, 169 , 206 , 219 
2125,명인정보고등학교, 72 , 56 , 42 
2126,울릉고등학교, 22 , 23 , 31 
2127,포항해양과학고등학교, 89 , 78 , 118 
2128,경북생활과학고등학교, 125 , 110 , 121 
2129,고령고등학교, 49 , 47 , 55 
2130,포항과학기술고등학교, 38 , 33 , 39 
2131,경북조리과학고등학교, 71 , 57 , 60 
2132,경주여자정보고등학교, 191 , 166 , 189 
2133,영주동산고등학교, 122 , 102 , 116 
2134,삼성생활예술고등학교, 71 , 67 , 69 
2135,선영여자고등학교, 97 , 66 , 98 
2136,상지여자상업고등학교, 84 , 89 , 90 
2137,경북간호고등학교, 30 , 25 , 30 
2138,효청보건고등학교, 96 , 89 , 96 
2139,경북세무고등학교, 34 , 10 , 13 
2140,경상고등학교, 173 , 182 , 221 
2141,산청고등학교, 115 , 105 , 86 
2142,경상대학교사범대학부설고등학교, 148 , 148 , 167 
2143,거제중앙고등학교, 351 , 338 , 406 
2144,거창여자고등학교, 100 , 112 , 119 
2145,아림고등학교, 50 , 83 , 67 
2146,고성중앙고등학교, 131 , 110 , 145 
2147,곤양고등학교, 12 , 13 , 14 
2148,금남고등학교, 54 , 48 , 59 
2149,김해가야고등학교, 251 , 236 , 271 
2150,김해경원고등학교, 234 , 235 , 273 
2151,김해고등학교, 216 , 226 , 269 
2152,김해대청고등학교, 358 , 339 , 374 
2153,김해분성여자고등학교, 254 , 231 , 271 
2154,김해분성고등학교, 254 , 241 , 270 
2155,김해삼문고등학교, 360 , 338 , 367 
2156,김해여자고등학교, 249 , 237 , 270 
2157,구산고등학교, 224 , 213 , 233 
2158,남해제일고등학교, 137 , 127 , 147 
2159,단성고등학교, 39 , 40 , 61 
2160,대곡고등학교, 36 , 27 , 18 
2161,덕산고등학교, 14 , 20 , 21 
2162,마산가포고등학교, 156 , 150 , 165 
2163,마산고등학교, 191 , 183 , 222 
2164,마산용마고등학교, 168 , 165 , 202 
2165,마산구암고등학교, 167 , 163 , 202 
2166,마산내서여자고등학교, 236 , 225 , 247 
2167,마산여자고등학교, 187 , 184 , 221 
2168,명신고등학교, 215 , 226 , 256 
2169,밀양고등학교, 164 , 161 , 174 
2170,밀양여자고등학교, 104 , 94 , 141 
2171,삼가고등학교, 33 , 26 , 35 
2172,삼천포중앙고등학교, 117 , 113 , 131 
2173,진주중앙고등학교, 193 , 207 , 230 
2174,신등고등학교, 9 , 6 , 9 
2175,안의고등학교, 38 , 28 , 50 
2176,야로고등학교, 27 , 31 , 22 
2177,김해삼방고등학교, 222 , 208 , 239 
2178,김해제일고등학교, 183 , 197 , 227 
2179,김해율하고등학교, 358 , 336 , 373 
2180,양산고등학교, 296 , 284 , 301 
2181,양산남부고등학교, 328 , 323 , 362 
2182,옥종고등학교, 12 , 16 , 12 
2183,김해임호고등학교, 191 , 181 , 205 
2184,진교고등학교, 31 , 28 , 40 
2185,의령고등학교, 67 , 57 , 69 
2186,웅상고등학교, 258 , 244 , 277 
2187,장유고등학교, 353 , 347 , 377 
2188,진서고등학교, 7 , 9 , 9 
2189,진양고등학교, 209 , 235 , 259 
2190,진주고등학교, 192 , 202 , 232 
2191,진영고등학교, 196 , 191 , 199 
2192,진주여자고등학교, 226 , 226 , 266 
2193,진해고등학교, 280 , 226 , 290 
2194,진해여자고등학교, 277 , 205 , 250 
2195,창원남산고등학교, 214 , 206 , 248 
2196,창원명지여자고등학교, 215 , 206 , 238 
2197,창원봉림고등학교, 196 , 200 , 241 
2198,창원사파고등학교, 208 , 212 , 242 
2199,창원신월고등학교, 207 , 210 , 244 
2200,창원여자고등학교, 207 , 194 , 242 
2201,창원용호고등학교, 214 , 212 , 240 
2202,창원중앙고등학교, 231 , 225 , 269 
2203,창원중앙여자고등학교, 186 , 199 , 233 
2204,웅천고등학교, 211 , 204 , 190 
2205,창원명곡고등학교, 188 , 182 , 222 
2206,충무고등학교, 163 , 146 , 125 
2207,통영고등학교, 279 , 275 , 325 
2208,창원성민여자고등학교, 186 , 176 , 187 
2209,통영여자고등학교, 246 , 269 , 303 
2210,태봉고등학교, 45 , 44 , 41 
2211,하동고등학교, 74 , 67 , 94 
2212,함안고등학교, 140 , 129 , 150 
2213,함양고등학교, 100 , 107 , 122 
2214,서상고등학교, 15 , 9 , 15 
2215,합포고등학교, 165 , 161 , 175 
2216,합천고등학교, 62 , 64 , 65 
2217,간디고등학교, 42 , 39 , 40 
2218,거제고등학교, 277 , 268 , 310 
2219,대성일고등학교, 110 , 105 , 118 
2220,거창고등학교, 98 , 95 , 99 
2221,거창중앙고등학교, 161 , 161 , 168 
2222,거창대성고등학교, 162 , 153 , 169 
2223,고성고등학교, 129 , 123 , 146 
2224,경해여자고등학교, 256 , 268 , 305 
2225,진주외국어고등학교, 52 , 45 , 51 
2226,군북고등학교, 43 , 39 , 44 
2227,김해중앙여자고등학교, 128 , 145 , 167 
2228,남지고등학교, 115 , 101 , 109 
2229,남해고등학교, 96 , 92 , 112 
2230,남해해성고등학교, 97 , 83 , 90 
2231,대아고등학교, 262 , 273 , 318 
2232,마산제일고등학교, 239 , 229 , 245 
2233,마산제일여자고등학교, 201 , 195 , 230 
2234,밀양동명고등학교, 58 , 47 , 61 
2235,마산중앙고등학교, 158 , 162 , 185 
2236,밀성고등학교, 139 , 155 , 165 
2237,마산무학여자고등학교, 182 , 185 , 219 
2238,보광고등학교, 97 , 119 , 151 
2239,영산고등학교, 62 , 85 , 89 
2240,사천고등학교, 190 , 181 , 178 
2241,삼랑진고등학교, 68 , 61 , 67 
2242,삼천포고등학교, 141 , 120 , 153 
2243,삼현여자고등학교, 241 , 242 , 278 
2244,삼천포여자고등학교, 131 , 122 , 158 
2245,성지여자고등학교, 182 , 181 , 217 
2246,세종고등학교, 138 , 118 , 145 
2247,양산제일고등학교, 248 , 255 , 285 
2248,효암고등학교, 257 , 212 , 274 
2249,양산여자고등학교, 321 , 322 , 325 
2250,용남고등학교, 113 , 103 , 109 
2251,원경고등학교, 20 , 19 , 31 
2252,의령여자고등학교, 74 , 66 , 67 
2253,진해세화여자고등학교, 208 , 166 , 209 
2254,지리산고등학교, 21 , 17 , 15 
2255,진주동명고등학교, 240 , 251 , 281 
2256,진해중앙고등학교, 209 , 195 , 236 
2257,진주제일여자고등학교, 245 , 244 , 293 
2258,창녕대성고등학교, 47 , 39 , 43 
2259,창녕여자고등학교, 100 , 66 , 99 
2260,창녕고등학교, 49 , 45 , 44 
2261,창선고등학교, 44 , 30 , 28 
2262,창신고등학교, 185 , 173 , 210 
2263,마산삼진고등학교, 146 , 131 , 155 
2264,창원경일고등학교, 207 , 199 , 239 
2265,창원경일여자고등학교, 179 , 172 , 209 
2266,창원고등학교, 232 , 231 , 269 
2267,창원남고등학교, 222 , 221 , 269 
2268,창원대산고등학교, 163 , 159 , 169 
2269,창원문성고등학교, 228 , 232 , 271 
2270,철성고등학교, 92 , 95 , 103 
2271,충렬여자고등학교, 159 , 160 , 189 
2272,동원고등학교, 271 , 268 , 309 
2273,칠원고등학교, 122 , 120 , 126 
2274,하동여자고등학교, 55 , 50 , 73 
2275,해성고등학교, 268 , 278 , 318 
2276,명덕고등학교, 121 , 119 , 142 
2277,거제제일고등학교, 214 , 237 , 194 
2278,창원대암고등학교, 186 , 195 , 211 
2279,창원토월고등학교, 178 , 183 , 220 
2280,진해용원고등학교, 221 , 196 , 237 
2281,김해영운고등학교, 202 , 208 , 240 
2282,거제옥포고등학교, 315 , 319 , 369 
2283,물금고등학교, 335 , 324 , 354 
2284,창녕옥야고등학교, 95 , 66 , 83 
2285,서창고등학교, 321 , 304 , 341 
2286,범어고등학교, 338 , 323 , 365 
2287,연초고등학교, 313 , 305 , 363 
2288,합천여자고등학교, 62 , 67 , 78 
2289,거제상문고등학교, 344 , 337 , 406 
2290,김해수남고등학교, 329 , 302 , 327 
2291,경남체육고등학교, 80 , 86 , 82 
2292,경남과학고등학교, 101 , 102 , 63 
2293,창원과학고등학교, 82 , 80 , 52 
2294,경남예술고등학교, 90 , 83 , 84 
2295,경남외국어고등학교, 200 , 199 , 202 
2296,김해외국어고등학교, 129 , 126 , 124 
2297,경남자영고등학교, 91 , 85 , 78 
2298,김해생명과학고등학교, 188 , 123 , 181 
2299,함양제일고등학교, 87 , 99 , 139 
2300,거제공업고등학교, 160 , 161 , 145 
2301,거창공업고등학교, 21 , 28 , 18 
2302,경남항공고등학교, 177 , 146 , 142 
2303,김해건설공업고등학교, 265 , 307 , 313 
2304,한국나노마이스터고등학교, 101 , 17 , 12 
2305,삼천포공업고등학교, 100 , 97 , 95 
2306,진주기계공업고등학교, 181 , 177 , 180 
2307,창녕슈퍼텍고등학교, 46 , 59 , 72 
2308,창원기계공업고등학교, 396 , 380 , 412 
2309,초계고등학교, 37 , 37 , 45 
2310,경남자동차고등학교, 140 , 150 , 147 
2311,마산공업고등학교, 223 , 219 , 228 
2312,경진고등학교, 118 , 105 , 115 
2313,창녕공업고등학교, 77 , 73 , 82 
2314,창원공업고등학교, 168 , 224 , 241 
2315,한일여자고등학교, 237 , 238 , 239 
2316,거제여자상업고등학교, 45 , 58 , 51 
2317,경남정보고등학교, 97 , 85 , 106 
2318,선명여자고등학교, 239 , 198 , 231 
2319,남해정보산업고등학교, 16 , 16 , 39 
2320,신반정보고등학교, 10 , 13 , 24 
2321,김해한일여자고등학교, 180 , 173 , 199 
2322,사천여자고등학교, 67 , 64 , 71 
2323,밀성제일고등학교, 87 , 89 , 104 
2324,경남관광고등학교, 231 , 227 , 238 
2325,경남로봇고등학교, 46 , 43 , 48 
2326,경남해양과학고등학교, 26 , 27 , 36 
2327,경남산업고등학교, 170 , 196 , 236 
2328,진영제일고등학교, 64 , 51 , 53 
2329,경남간호고등학교, 44 , 44 , 45 
2330,제주대학교사범대학부설고등학교, 287 , 280 , 305 
2331,대정고등학교, 98 , 90 , 113 
2332,대정여자고등학교, 97 , 87 , 116 
2333,서귀포고등학교, 194 , 200 , 222 
2334,서귀포여자고등학교, 195 , 187 , 223 
2335,세화고등학교, 174 , 199 , 209 
2336,제주제일고등학교, 464 , 414 , 453 
2337,제주중앙여자고등학교, 417 , 337 , 447 
2338,한림고등학교, 173 , 155 , 184 
2339,남녕고등학교, 429 , 411 , 454 
2340,남주고등학교, 190 , 196 , 218 
2341,대기고등학교, 385 , 340 , 371 
2342,삼성여자고등학교, 195 , 195 , 204 
2343,신성여자고등학교, 349 , 336 , 361 
2344,오현고등학교, 400 , 343 , 413 
2345,제주여자고등학교, 354 , 266 , 331 
2346,애월고등학교, 133 , 124 , 141 
2347,표선고등학교, 140 , 123 , 147 
2348,제주과학고등학교, 40 , 36 , 28 
2349,제주외국어고등학교, 99 , 95 , 92 
2350,서귀포산업과학고등학교, 153 , 143 , 137 
2351,한림공업고등학교, 230 , 237 , 260 
2352,영주고등학교, 211 , 218 , 230 
2353,제주여자상업고등학교, 205 , 206 , 217 
2354,함덕고등학교, 143 , 126 , 144 
2355,제주중앙고등학교, 260 , 266 , 287 
2356,성산고등학교, 76 , 91 , 106 
2357,제주고등학교, 292 , 289 , 310 
2358,중문고등학교, 120 , 122 , 157 
2359,한국뷰티고등학교, 69 , 69 , 74 
